slug,name,net,window_end,window_start,mission,pad,location,orbit,status.name,mission_type
https://spacelaunchnow.me/launch/long-march-2d-gaofen-9-05,Long March 2D | Gaofen-9-05,2020-08-23T02:25:00Z,2020-08-23T02:43:00Z,2020-08-23T02:19:00Z,,Launch Area 4 (SLS-2 / 603),"Jiuquan, People's Republic of China",,Go,
https://spacelaunchnow.me/launch/delta-iv-heavy-nrol-44,Delta IV Heavy | NROL-44,2020-08-26T06:16:00Z,2020-08-26T10:25:00Z,2020-08-26T05:50:00Z,,Space Launch Complex 37B,"Cape Canaveral, FL, USA",,Go,
https://spacelaunchnow.me/launch/falcon-9-block-5-saocom-1b,Falcon 9 Block 5 | SAOCOM 1B,2020-08-27T23:19:00Z,2020-08-27T23:19:00Z,2020-08-27T23:19:00Z,SAOCOM 1B,Space Launch Complex 40,"Cape Canaveral, FL, USA",,TBD,Communications
https://spacelaunchnow.me/launch/electron-stp-27rm,Electron | STP-27RM,2020-08-31T00:00:00Z,2020-08-31T00:00:00Z,2020-08-31T00:00:00Z,STP-27RM,Rocket Lab Launch Complex 2,"Wallops Island, Virginia, USA",,TBD,Government/Top Secret
https://spacelaunchnow.me/launch/momo-flight-7,MOMO | Flight 7,2020-08-31T00:00:00Z,2020-08-31T00:00:00Z,2020-08-31T00:00:00Z,Flight 7,"Taiki-cho, Hokkaido, Japan","Taiki-cho, Hokkaido, Japan",Sub Orbital,TBD,Suborbital
https://spacelaunchnow.me/launch/soyuz-21a-bars-m-no-3,Soyuz 2.1a | Bars-M No. 3,2020-08-31T00:00:00Z,2020-08-31T00:00:00Z,2020-08-31T00:00:00Z,Bars-M No. 3,43/4 (43R),"Plesetsk Cosmodrome, Russian Federation",SSO,TBD,Government/Top Secret
https://spacelaunchnow.me/launch/astra-rocket-31-maiden-flight,Astra Rocket 3.1 | Maiden Flight,2020-08-31T02:00:00Z,2020-08-31T04:30:00Z,2020-08-31T02:00:00Z,Maiden Flight,Launch Pad B,"Kodiak Launch Complex, Alaska, USA",,TBD,Test Flight
https://spacelaunchnow.me/launch/electron-return-to-flight-payload-unknown,Electron | Return To Flight (Payload unknown),2020-08-31T03:00:00Z,2020-08-31T07:00:00Z,2020-08-31T03:00:00Z,,Rocket Lab Launch Complex 1A,"Onenui Station, Mahia Peninsula, New Zealand",,TBD,
https://spacelaunchnow.me/launch/atlas-v-531-nrol-101,Atlas V 531 | NROL-101,2020-09-01T00:00:00Z,2020-09-01T00:00:00Z,2020-09-01T00:00:00Z,NROL-101,Space Launch Complex 41,"Cape Canaveral, FL, USA",,TBD,Government/Top Secret
https://spacelaunchnow.me/launch/vega-ssms-poc,Vega | SSMS POC,2020-09-01T01:51:10Z,2020-09-01T01:51:10Z,2020-09-01T01:51:10Z,SSMS POC,Ariane Launch Area 1,"Kourou, French Guiana",,TBD,Dedicated Rideshare
https://spacelaunchnow.me/launch/soyuz-21bfregat-m-gonets-m27-gonets-m28-gonets-m29,"Soyuz 2.1b/Fregat-M | Gonets-M27, Gonets-M28, Gonets-M29",2020-09-29T00:00:00Z,2020-09-29T00:00:00Z,2020-09-29T00:00:00Z,,43/3 (43L),"Plesetsk Cosmodrome, Russian Federation",,TBD,
https://spacelaunchnow.me/launch/long-march-6-satellogic-x-10,Long March 6  | Satellogic x 10,2020-09-30T00:00:00Z,2020-09-30T00:00:00Z,2020-09-30T00:00:00Z,Satellogic x 13,Launch Complex 16,"Taiyuan, People's Republic of China",LEO,TBD,Earth Science
https://spacelaunchnow.me/launch/falcon-9-block-5-sirius-sxm-7,Falcon 9 Block 5 | Sirius SXM-7,2020-09-30T00:00:00Z,2020-09-30T00:00:00Z,2020-09-30T00:00:00Z,SXM-7,Space Launch Complex 40,"Cape Canaveral, FL, USA",,TBD,Communications
https://spacelaunchnow.me/launch/antares-230-cygnus-crs-2-ng-14,Antares 230+ | Cygnus CRS-2 NG-14,2020-09-30T02:26:00Z,2020-09-30T02:26:00Z,2020-09-30T02:26:00Z,Cygnus CRS-2 NG-14,Launch Area 0 A,"Wallops Island, Virginia, USA",LEO,TBD,Resupply
https://spacelaunchnow.me/launch/falcon-9-block-5-gps-iii-sv04,Falcon 9 Block 5 | GPS III SV04,2020-10-01T00:00:00Z,2020-10-01T04:00:00Z,2020-10-01T00:00:00Z,,Space Launch Complex 40,"Cape Canaveral, FL, USA",,TBD,
https://spacelaunchnow.me/launch/electron-strix,Electron | StriX-α,2020-10-01T00:00:00Z,2020-10-01T00:00:00Z,2020-10-01T00:00:00Z,,Rocket Lab Launch Complex 1A,"Onenui Station, Mahia Peninsula, New Zealand",,TBD,
https://spacelaunchnow.me/launch/atlas-v-551-stp-3,Atlas V 551 | STP-3,2020-10-01T00:00:00Z,2020-10-01T00:00:00Z,2020-10-01T00:00:00Z,,Space Launch Complex 41,"Cape Canaveral, FL, USA",,TBD,
https://spacelaunchnow.me/launch/atlas-v-511-ussf-8,Atlas V 511 | USSF-8,2020-10-01T00:00:00Z,2020-10-01T00:00:00Z,2020-10-01T00:00:00Z,,Space Launch Complex 41,"Cape Canaveral, FL, USA",,TBD,
https://spacelaunchnow.me/launch/falcon-heavy-ussf-44,Falcon Heavy | USSF-44,2020-10-01T00:00:00Z,2020-10-01T00:00:00Z,2020-10-01T00:00:00Z,,Launch Complex 39A,"Kennedy Space Center, FL, USA",,TBD,
https://spacelaunchnow.me/launch/delta-iv-heavy-nrol-82,Delta IV Heavy | NROL-82,2020-10-01T00:00:00Z,2020-10-01T00:00:00Z,2020-10-01T00:00:00Z,NROL-82,Space Launch Complex 6,"Vandenberg AFB, CA, USA",,TBD,Government/Top Secret
https://spacelaunchnow.me/launch/falcon-9-block-5-turksat-5a,Falcon 9 Block 5 | Türksat 5A,2020-10-01T00:00:00Z,2020-10-01T00:00:00Z,2020-10-01T00:00:00Z,,Space Launch Complex 40,"Cape Canaveral, FL, USA",,TBD,
https://spacelaunchnow.me/launch/soyuz-21bfregat-m-oneweb-7,Soyuz 2.1b/Fregat-M | OneWeb 7,2020-10-01T00:00:00Z,2020-10-01T00:00:00Z,2020-10-01T00:00:00Z,,Cosmodrome Site 1S,"Vostochny Cosmodrome, Siberia, Russian Federation",,TBD,
https://spacelaunchnow.me/launch/h-iia-inmarsat-6-f1,H-IIA | Inmarsat-6 F1,2020-10-01T00:00:00Z,2020-10-01T00:00:00Z,2020-10-01T00:00:00Z,,Yoshinobu Launch Complex,"Tanegashima, Japan",,TBD,
https://spacelaunchnow.me/launch/atlas-v-n22-cst-100-starliner-orbital-flight-tes-2,Atlas V N22 | CST-100 Starliner Orbital Flight Test 2 (Uncrewed),2020-10-01T00:00:00Z,2020-10-01T00:00:00Z,2020-10-01T00:00:00Z,CST-100 Starliner Orbital Flight Test 2 (Uncrewed),Space Launch Complex 41,"Cape Canaveral, FL, USA",LEO,TBD,Test Flight
https://spacelaunchnow.me/launch/soyuz-21a-soyuz-ms-17,Soyuz 2.1a | Soyuz MS-17,2020-10-14T00:00:00Z,2020-10-14T00:00:00Z,2020-10-14T00:00:00Z,,31/6,"Baikonur Cosmodrome, Republic of Kazakhstan",,TBD,
https://spacelaunchnow.me/launch/soyuz-21afregat-m-cas500-1-rideshare,Soyuz 2.1a/Fregat-M | CAS500-1 & rideshare,2020-10-15T00:00:00Z,2020-10-15T00:00:00Z,2020-10-15T00:00:00Z,,31/6,"Baikonur Cosmodrome, Republic of Kazakhstan",,TBD,
https://spacelaunchnow.me/launch/firefly-alpha-maiden-flight,Firefly Alpha | Maiden Flight,2020-10-15T00:00:00Z,2020-10-15T00:00:00Z,2020-10-15T00:00:00Z,Maiden Flight,Space Launch Complex 2W,"Vandenberg AFB, CA, USA",LEO,TBD,Test Flight
https://spacelaunchnow.me/launch/soyuz-stafregat-falcon-eye-2,Soyuz STA/Fregat | Falcon Eye 2,2020-10-16T00:00:00Z,2020-10-16T00:00:00Z,2020-10-16T00:00:00Z,Falcon Eye 2,Soyuz Launch Complex,"Kourou, French Guiana",,TBD,Government/Top Secret
https://spacelaunchnow.me/launch/soyuz-21bfregat-glonass-k1,Soyuz 2.1b/Fregat | Glonass-K1,2020-10-17T00:00:00Z,2020-10-17T00:00:00Z,2020-10-17T00:00:00Z,,43/3 (43L),"Plesetsk Cosmodrome, Russian Federation",,TBD,
https://spacelaunchnow.me/launch/falcon-9-block-5-spx-uscv-1-nasa-crew-flight-1,Falcon 9 Block 5 | SpX USCV-1 (NASA Crew Flight 1),2020-10-23T00:00:00Z,2020-10-23T00:00:00Z,2020-10-23T00:00:00Z,SpX USCV-1 (NASA Crew Flight 1),Launch Complex 39A,"Kennedy Space Center, FL, USA",LEO,TBD,Human Exploration
https://spacelaunchnow.me/launch/falcon-9-block-5-dragon-crs-2-spx-21,Falcon 9 Block 5 | Dragon CRS-2 SpX-21,2020-10-30T00:00:00Z,2020-10-30T00:00:00Z,2020-10-30T00:00:00Z,,Launch Complex 39A,"Kennedy Space Center, FL, USA",,TBD,
https://spacelaunchnow.me/launch/launcherone-launch-demo-2,LauncherOne | Launch Demo 2,2020-11-01T00:00:00Z,2020-11-01T00:00:00Z,2020-11-01T00:00:00Z,,Mojave Air and Space Port,Air launch to orbit,,TBD,
https://spacelaunchnow.me/launch/falcon-9-block-5-sentinel-6-michael-freilich,Falcon 9 Block 5 | Sentinel-6 Michael Freilich,2020-11-01T00:00:00Z,2020-11-01T00:00:00Z,2020-11-01T00:00:00Z,Sentinel-6A (Jason-CS),Space Launch Complex 4E,"Vandenberg AFB, CA, USA",LEO,TBD,Earth Science
https://spacelaunchnow.me/launch/soyuz-21bfregat-m-oneweb-8,Soyuz 2.1b/Fregat-M | OneWeb 8,2020-11-01T00:00:00Z,2020-11-01T00:00:00Z,2020-11-01T00:00:00Z,,Cosmodrome Site 1S,"Vostochny Cosmodrome, Siberia, Russian Federation",,TBD,
https://spacelaunchnow.me/launch/angara-a5briz-m-dummy-payload,Angara A5/Briz-M | Dummy payload,2020-11-03T00:00:00Z,2020-11-03T00:00:00Z,2020-11-03T00:00:00Z,,35/1,"Plesetsk Cosmodrome, Russian Federation",,TBD,
https://spacelaunchnow.me/launch/soyuz-stafregat-cso-2,Soyuz STA/Fregat | CSO 2,2020-11-06T00:00:00Z,2020-11-06T00:00:00Z,2020-11-06T00:00:00Z,CSO 2,Soyuz Launch Complex,"Kourou, French Guiana",SSO,TBD,Government/Top Secret
https://spacelaunchnow.me/launch/long-march-5-change-5,Long March 5  | Chang'e 5,2020-11-24T00:00:00Z,2020-11-24T00:00:00Z,2020-11-24T00:00:00Z,Chang'e 5,Wenchang,"Wenchang Satellite Launch Center, People's Republic of China",LO,TBD,Robotic Exploration
https://spacelaunchnow.me/launch/gslv-mk-ii-gsat-7c,GSLV Mk II | GSAT-7C,2020-12-01T00:00:00Z,2020-12-01T00:00:00Z,2020-12-01T00:00:00Z,,Satish Dhawan Space Centre Second Launch Pad,"Sriharikota, Republic of India",,TBD,
https://spacelaunchnow.me/launch/gslv-mk-ii-gsat-32,GSLV Mk II | GSAT-32,2020-12-01T00:00:00Z,2020-12-01T00:00:00Z,2020-12-01T00:00:00Z,,Satish Dhawan Space Centre Second Launch Pad,"Sriharikota, Republic of India",,TBD,
https://spacelaunchnow.me/launch/h-iii-30-alos-3-maiden-flight,H-III 30 | ALOS-3 (Maiden flight),2020-12-01T00:00:00Z,2020-12-01T00:00:00Z,2020-12-01T00:00:00Z,,Unknown Pad,"Tanegashima, Japan",,TBD,
https://spacelaunchnow.me/launch/gslv-mk-ii-gisat-2,GSLV Mk II | GISAT-2,2020-12-01T00:00:00Z,2020-12-01T00:00:00Z,2020-12-01T00:00:00Z,,Satish Dhawan Space Centre Second Launch Pad,"Sriharikota, Republic of India",,TBD,
https://spacelaunchnow.me/launch/soyuz-21bfregat-m-oneweb-6,Soyuz 2.1b/Fregat-M | OneWeb 6,2020-12-01T00:00:00Z,2020-12-01T00:00:00Z,2020-12-01T00:00:00Z,,Cosmodrome Site 1S,"Vostochny Cosmodrome, Siberia, Russian Federation",,TBD,
https://spacelaunchnow.me/launch/angara-a5persey-ekspress-amu,Angara A5/Persey | Ekspress AMU,2020-12-01T00:00:00Z,2020-12-01T00:00:00Z,2020-12-01T00:00:00Z,,35/1,"Plesetsk Cosmodrome, Russian Federation",,TBD,
https://spacelaunchnow.me/launch/ariane-5-eca-star-one-d2-unknown,Ariane 5 ECA | Star One D2 & unknown,2020-12-01T00:00:00Z,2020-12-01T00:00:00Z,2020-12-01T00:00:00Z,,Ariane Launch Area 3,"Kourou, French Guiana",,TBD,
https://spacelaunchnow.me/launch/ariane-5-eca-unknown-satellite-for-intelsat,Ariane 5 ECA | Unknown satellite for Intelsat,2020-12-01T00:00:00Z,2020-12-01T00:00:00Z,2020-12-01T00:00:00Z,,Ariane Launch Area 3,"Kourou, French Guiana",,TBD,
https://spacelaunchnow.me/launch/terran-1-test-flight,Terran 1 | Test Flight,2020-12-01T00:00:00Z,2020-12-01T00:00:00Z,2020-12-01T00:00:00Z,Test Flight,Space Launch Complex 16,"Cape Canaveral, FL, USA",,TBD,Test Flight
https://spacelaunchnow.me/launch/soyuz-21bfregat-m-oneweb-4,Soyuz 2.1b/Fregat-M | OneWeb 4,2020-12-01T00:00:00Z,2020-12-01T00:00:00Z,2020-12-01T00:00:00Z,,Cosmodrome Site 1S,"Vostochny Cosmodrome, Siberia, Russian Federation",,TBD,
https://spacelaunchnow.me/launch/pslv-risat-2a,PSLV  | RISAT-2A,2020-12-01T00:00:00Z,2020-12-01T00:00:00Z,2020-12-01T00:00:00Z,RISAT-2A,Satish Dhawan Space Centre First Launch Pad,"Sriharikota, Republic of India",LEO,TBD,Government/Top Secret
https://spacelaunchnow.me/launch/gslv-mk-ii-gisat-1,GSLV Mk II | GISAT-1,2020-12-01T00:00:00Z,2020-12-01T00:00:00Z,2020-12-01T00:00:00Z,GISAT-1,Satish Dhawan Space Centre Second Launch Pad,"Sriharikota, Republic of India",GTO,TBD,Earth Science
https://spacelaunchnow.me/launch/pslv-xl-gsat-12r,PSLV-XL | GSAT-12R,2020-12-01T00:00:00Z,2020-12-01T00:00:00Z,2020-12-01T00:00:00Z,GSAT-12R,Satish Dhawan Space Centre First Launch Pad,"Sriharikota, Republic of India",,TBD,Communications
https://spacelaunchnow.me/launch/sslv-demo-1,SSLV  | Demo 1,2020-12-01T00:00:00Z,2020-12-01T00:00:00Z,2020-12-01T00:00:00Z,SSLV Demo 1,Satish Dhawan Space Centre First Launch Pad,"Sriharikota, Republic of India",LEO,TBD,Test Flight
https://spacelaunchnow.me/launch/falcon-9-block-5-spaceflight-gto-2,Falcon 9 Block 5 | Spaceflight GTO-2,2020-12-01T00:00:00Z,2020-12-01T00:00:00Z,2020-12-01T00:00:00Z,,Space Launch Complex 40,"Cape Canaveral, FL, USA",,TBD,
https://spacelaunchnow.me/launch/pslv-risat-1a,PSLV  | RISAT-1A,2020-12-01T00:00:00Z,2020-12-01T00:00:00Z,2020-12-01T00:00:00Z,,Satish Dhawan Space Centre First Launch Pad,"Sriharikota, Republic of India",,TBD,
https://spacelaunchnow.me/launch/soyuz-21bfregat-m-oneweb-5,Soyuz 2.1b/Fregat-M | OneWeb 5,2020-12-01T00:00:00Z,2020-12-01T00:00:00Z,2020-12-01T00:00:00Z,,31/6,"Baikonur Cosmodrome, Republic of Kazakhstan",,TBD,
https://spacelaunchnow.me/launch/pslv-oceansat-3,PSLV  | Oceansat-3,2020-12-01T00:00:00Z,2020-12-01T00:00:00Z,2020-12-01T00:00:00Z,Oceansat-3,Satish Dhawan Space Centre First Launch Pad,"Sriharikota, Republic of India",SSO,TBD,Earth Science
https://spacelaunchnow.me/launch/pslv-ca-risat-2br2,PSLV-CA | RISAT-2BR2,2020-12-01T00:00:00Z,2020-12-01T00:00:00Z,2020-12-01T00:00:00Z,RISAT-2BR2,Satish Dhawan Space Centre First Launch Pad,"Sriharikota, Republic of India",,TBD,Earth Science
https://spacelaunchnow.me/launch/sslv-demo-2-4-x-blacksky-global-satellites,SSLV  | Demo 2 (4 x BlackSky Global satellites),2020-12-01T00:00:00Z,2020-12-01T00:00:00Z,2020-12-01T00:00:00Z,SSLV Demo 2,Satish Dhawan Space Centre First Launch Pad,"Sriharikota, Republic of India",LEO,TBD,Test Flight
https://spacelaunchnow.me/launch/zhuque-2-maiden-flight,Zhuque-2 | Maiden Flight,2020-12-01T00:00:00Z,2020-12-01T00:00:00Z,2020-12-01T00:00:00Z,Maiden Flight,Unknown Pad,"Jiuquan, People's Republic of China",,TBD,Test Flight
https://spacelaunchnow.me/launch/gslv-mk-iii-gsat-20,GSLV Mk III | GSAT-20,2020-12-01T00:00:00Z,2020-12-01T00:00:00Z,2020-12-01T00:00:00Z,GSAT-20,Satish Dhawan Space Centre Second Launch Pad,"Sriharikota, Republic of India",GTO,TBD,Communications
https://spacelaunchnow.me/launch/soyuz-21bfregat-glonass-k1-2,Soyuz 2.1b/Fregat | Glonass-K1,2020-12-01T00:00:00Z,2020-12-01T00:00:00Z,2020-12-01T00:00:00Z,,43/3 (43L),"Plesetsk Cosmodrome, Russian Federation",,TBD,
https://spacelaunchnow.me/launch/ariane-5-eca-unknown-eutelsat-quantum,Ariane 5 ECA | Unknown & Eutelsat Quantum,2020-12-01T00:00:00Z,2020-12-01T00:00:00Z,2020-12-01T00:00:00Z,,Ariane Launch Area 3,"Kourou, French Guiana",,TBD,
https://spacelaunchnow.me/launch/gslv-idrss-1,GSLV | IDRSS-1,2020-12-01T00:00:00Z,2020-12-01T00:00:00Z,2020-12-01T00:00:00Z,,Satish Dhawan Space Centre Second Launch Pad,"Sriharikota, Republic of India",,TBD,
https://spacelaunchnow.me/launch/vega-ingenio-seosat-taranis,Vega | Ingenio (SEOSat) & Taranis,2020-12-01T00:00:00Z,2020-12-01T00:00:00Z,2020-12-01T00:00:00Z,Ingenio (SEOSat),Ariane Launch Area 1,"Kourou, French Guiana",SSO,TBD,Earth Science
https://spacelaunchnow.me/launch/falcon-9-block-5-sirius-sxm-8,Falcon 9 Block 5 | Sirius SXM-8,2020-12-01T00:00:00Z,2020-12-01T00:00:00Z,2020-12-01T00:00:00Z,SXM-8,Unknown Pad,Unknown Location,,TBD,Communications
https://spacelaunchnow.me/launch/electron-whitney-1,Electron | Whitney 1,2020-12-01T00:00:00Z,2020-12-01T00:00:00Z,2020-12-01T00:00:00Z,,Rocket Lab Launch Complex 1A,"Onenui Station, Mahia Peninsula, New Zealand",,TBD,
https://spacelaunchnow.me/launch/falcon-9-block-5-dedicated-sso-rideshare-mission-1,Falcon 9 Block 5 | Dedicated SSO Rideshare Mission 1,2020-12-01T00:00:00Z,2020-12-01T00:00:00Z,2020-12-01T00:00:00Z,,Space Launch Complex 4E,"Vandenberg AFB, CA, USA",,TBD,
https://spacelaunchnow.me/launch/soyuz-21bfregat-m-arktika-m-no1,Soyuz 2.1b/Fregat-M | Arktika-M No.1,2020-12-09T00:00:00Z,2020-12-09T00:00:00Z,2020-12-09T00:00:00Z,,31/6,"Baikonur Cosmodrome, Republic of Kazakhstan",,TBD,
https://spacelaunchnow.me/launch/soyuz-21a-progress-ms-16-77p,Soyuz 2.1a | Progress MS-16 (77P),2020-12-11T00:00:00Z,2020-12-11T00:00:00Z,2020-12-11T00:00:00Z,,31/6,"Baikonur Cosmodrome, Republic of Kazakhstan",,TBD,
https://spacelaunchnow.me/launch/ariane-5-eca-measat-3d,Ariane 5 ECA | Measat-3d,2021-01-01T00:00:00Z,2021-01-01T00:00:00Z,2021-01-01T00:00:00Z,,Ariane Launch Area 3,"Kourou, French Guiana",,TBD,
https://spacelaunchnow.me/launch/launcherone-ignis-others,LauncherOne | Ignis & others,2021-01-01T00:00:00Z,2021-01-01T00:00:00Z,2021-01-01T00:00:00Z,,Guam International Airport,Air launch to orbit,,TBD,
https://spacelaunchnow.me/launch/soyuz-21afregat-m-cas500-2-rideshare,Soyuz 2.1a/Fregat-M | CAS500-2 & rideshare,2021-01-01T00:00:00Z,2021-01-01T00:00:00Z,2021-01-01T00:00:00Z,,31/6,"Baikonur Cosmodrome, Republic of Kazakhstan",,TBD,
https://spacelaunchnow.me/launch/angara-a5briz-m-unknown-military-payload,Angara A5/Briz-M | Unknown military payload,2021-01-01T00:00:00Z,2021-01-01T00:00:00Z,2021-01-01T00:00:00Z,,35/1,"Plesetsk Cosmodrome, Russian Federation",,TBD,
https://spacelaunchnow.me/launch/soyuz-21bfregat-m-gonets-m30-gonets-m31-gonets-m32,"Soyuz 2.1b/Fregat-M | Gonets-M30, Gonets-M31, Gonets-M32",2021-01-01T00:00:00Z,2021-01-01T00:00:00Z,2021-01-01T00:00:00Z,,43/3 (43L),"Plesetsk Cosmodrome, Russian Federation",,TBD,
https://spacelaunchnow.me/launch/falcon-9-block-5-gps-iii-sv05,Falcon 9 Block 5 | GPS III SV05,2021-01-01T00:00:00Z,2021-01-01T00:00:00Z,2021-01-01T00:00:00Z,,Space Launch Complex 40,"Cape Canaveral, FL, USA",,TBD,
https://spacelaunchnow.me/launch/vega-ceres,Vega | CERES,2021-01-01T00:00:00Z,2021-01-01T00:00:00Z,2021-01-01T00:00:00Z,,Ariane Launch Area 1,"Kourou, French Guiana",,TBD,
https://spacelaunchnow.me/launch/falcon-9-block-5-turksat-5b,Falcon 9 Block 5 | Türksat 5B,2021-01-01T00:00:00Z,2021-01-01T00:00:00Z,2021-01-01T00:00:00Z,,Unknown Pad,Unknown Location,,TBD,
https://spacelaunchnow.me/launch/soyuz-stbfregat-metop-sg-a1,Soyuz STB/Fregat | METOP-SG A1,2021-01-01T00:00:00Z,2023-12-30T00:00:00Z,2021-01-01T00:00:00Z,,Soyuz Launch Complex,"Kourou, French Guiana",,TBD,
https://spacelaunchnow.me/launch/launcherone-stp-27vp,LauncherOne | STP-27VP,2021-01-01T00:00:00Z,2021-01-01T00:00:00Z,2021-01-01T00:00:00Z,,Andersen Air Force Base,Air launch to orbit,,TBD,
https://spacelaunchnow.me/launch/gslv-idrss-2,GSLV | IDRSS-2,2021-01-01T00:00:00Z,2021-01-01T00:00:00Z,2021-01-01T00:00:00Z,,Satish Dhawan Space Centre Second Launch Pad,"Sriharikota, Republic of India",,TBD,
https://spacelaunchnow.me/launch/soyuz-stbfregat-metop-sg-b1,Soyuz STB/Fregat | METOP-SG B1,2021-01-01T00:00:00Z,2023-12-31T00:00:00Z,2021-01-01T00:00:00Z,,Soyuz Launch Complex,"Kourou, French Guiana",,TBD,
https://spacelaunchnow.me/launch/vega-c-csg-2,Vega-C | CSG-2,2021-01-01T00:00:00Z,2021-01-01T00:00:00Z,2021-01-01T00:00:00Z,CSG-2,Ariane Launch Area 1,"Kourou, French Guiana",,TBD,Earth Science
https://spacelaunchnow.me/launch/h-iia-xarm-slim,H-IIA | XARM & SLIM,2021-01-01T00:00:00Z,2021-01-01T00:00:00Z,2021-01-01T00:00:00Z,XARM & SLIM,Unknown Pad,"Tanegashima, Japan",LO,TBD,Astrophysics
https://spacelaunchnow.me/launch/falcon-9-block-5-nrol-87,Falcon 9 Block 5 | NROL-87,2021-01-01T00:00:00Z,2021-01-01T00:00:00Z,2021-01-01T00:00:00Z,,Space Launch Complex 40,"Cape Canaveral, FL, USA",,TBD,
https://spacelaunchnow.me/launch/falcon-9-block-5-nrol-85,Falcon 9 Block 5 | NROL-85,2021-01-01T00:00:00Z,2021-01-01T00:00:00Z,2021-01-01T00:00:00Z,,Space Launch Complex 40,"Cape Canaveral, FL, USA",,TBD,
https://spacelaunchnow.me/launch/vega-c-2-x-pleiades-neo,Vega-C | 2 x Pléiades Neo,2021-01-01T00:00:00Z,2021-01-01T00:00:00Z,2021-01-01T00:00:00Z,,Ariane Launch Area 1,"Kourou, French Guiana",,TBD,
https://spacelaunchnow.me/launch/atlas-v-551-viasat-3-series-satellite,Atlas V 551 | ViaSat-3 series satellite,2021-01-01T00:00:00Z,2021-01-01T00:00:00Z,2021-01-01T00:00:00Z,,Space Launch Complex 41,"Cape Canaveral, FL, USA",,TBD,
https://spacelaunchnow.me/launch/falcon-9-block-5-worldview-legion-2,Falcon 9 Block 5 | WorldView Legion 2,2021-01-01T00:00:00Z,2021-01-01T00:00:00Z,2021-01-01T00:00:00Z,,Space Launch Complex 4E,"Vandenberg AFB, CA, USA",,TBD,
https://spacelaunchnow.me/launch/long-march-3b-fengyun-4b,Long March 3B | Fengyun-4B,2021-01-01T00:00:00Z,2021-01-01T00:00:00Z,2021-01-01T00:00:00Z,Fengyun-4B,Unknown,"Xichang Satellite Launch Center, People's Republic of China",,TBD,Earth Science
https://spacelaunchnow.me/launch/long-march-2f-shenzhou-12,Long March 2F | Shenzhou 12,2021-01-01T00:00:00Z,2021-01-01T00:00:00Z,2021-01-01T00:00:00Z,,Launch Area 4 (SLS-1 / 921),"Jiuquan, People's Republic of China",,TBD,
https://spacelaunchnow.me/launch/falcon-9-block-5-worldview-legion-1,Falcon 9 Block 5 | WorldView Legion 1,2021-01-01T00:00:00Z,2021-01-01T00:00:00Z,2021-01-01T00:00:00Z,,Space Launch Complex 4E,"Vandenberg AFB, CA, USA",,TBD,
https://spacelaunchnow.me/launch/launcherone-vcls-elana-xx,LauncherOne | VCLS ELaNa XX,2021-01-01T00:00:00Z,2021-01-01T00:00:00Z,2021-01-01T00:00:00Z,VCLS ELaNa XX,Mojave Air and Space Port,Air launch to orbit,PO,TBD,Dedicated Rideshare
https://spacelaunchnow.me/launch/long-march-4c-fengyun-3e,Long March 4C | Fengyun-3E,2021-01-01T00:00:00Z,2021-01-01T00:00:00Z,2021-01-01T00:00:00Z,,Unknown Pad,"Taiyuan, People's Republic of China",,TBD,
https://spacelaunchnow.me/launch/falcon-9-block-5-o3b-mpower-1-3,Falcon 9 Block 5 | O3b mPower 1-3,2021-01-01T00:00:00Z,2021-01-01T00:00:00Z,2021-01-01T00:00:00Z,,Space Launch Complex 4E,"Vandenberg AFB, CA, USA",,TBD,
https://spacelaunchnow.me/launch/long-march-5b-tianhe-1,Long March 5B | Tianhe-1,2021-01-01T00:00:00Z,2021-01-01T00:00:00Z,2021-01-01T00:00:00Z,Tianhe-1,Wenchang,"Wenchang Satellite Launch Center, People's Republic of China",LEO,TBD,Human Exploration
https://spacelaunchnow.me/launch/ariane-5-eca-ses-17,Ariane 5 ECA | SES-17,2021-01-01T00:00:00Z,2021-01-01T00:00:00Z,2021-01-01T00:00:00Z,,Ariane Launch Area 3,"Kourou, French Guiana",,TBD,
https://spacelaunchnow.me/launch/long-march-4c-fengyun-3f,Long March 4C | FengYun-3F,2021-01-01T00:00:00Z,2021-01-01T00:00:00Z,2021-01-01T00:00:00Z,,Unknown Pad,Unknown Location,,TBD,
https://spacelaunchnow.me/launch/soyuz-stbfregat-2-x-galileo,Soyuz STB/Fregat | 2 x Galileo,2021-01-01T00:00:00Z,2021-01-01T00:00:00Z,2021-01-01T00:00:00Z,,Ariane Launch Area 4,"Kourou, French Guiana",,TBD,
https://spacelaunchnow.me/launch/falcon-heavy-viasat-3-series-satellite,Falcon Heavy | ViaSat-3 series satellite,2021-01-01T00:00:00Z,2021-01-01T00:00:00Z,2021-01-01T00:00:00Z,ViaSat-3,Launch Complex 39A,"Kennedy Space Center, FL, USA",GTO,TBD,Communications
https://spacelaunchnow.me/launch/long-march-fengyun-4c,Long March ? | Fengyun-4C,2021-01-01T00:00:00Z,2021-01-01T00:00:00Z,2021-01-01T00:00:00Z,,Unknown Pad,Unknown Location,,TBD,
https://spacelaunchnow.me/launch/h-iia-202-alos-4,H-IIA 202 | ALOS-4,2021-01-01T00:00:00Z,2021-01-01T00:00:00Z,2021-01-01T00:00:00Z,,Unknown Pad,"Tanegashima, Japan",,TBD,
https://spacelaunchnow.me/launch/vega-c-lares-2-maiden-flight,Vega-C | LARES-2 (Maiden flight),2021-01-01T00:00:00Z,2021-01-01T00:00:00Z,2021-01-01T00:00:00Z,,Ariane Launch Area 1,"Kourou, French Guiana",,TBD,
https://spacelaunchnow.me/launch/soyuz-21bfregat-glonass-k2,Soyuz 2.1b/Fregat | Glonass-K2,2021-01-01T00:00:00Z,2021-01-01T00:00:00Z,2021-01-01T00:00:00Z,,43/3 (43L),"Plesetsk Cosmodrome, Russian Federation",,TBD,
https://spacelaunchnow.me/launch/long-march-7-tianzhou-2,Long March 7  | Tianzhou-2,2021-01-01T00:00:00Z,2021-01-01T00:00:00Z,2021-01-01T00:00:00Z,,Wenchang,"Wenchang Satellite Launch Center, People's Republic of China",,TBD,
https://spacelaunchnow.me/launch/soyuz-21b-resurs-p-no4,Soyuz 2.1b | Resurs-P No.4,2021-01-01T00:00:00Z,2021-01-01T00:00:00Z,2021-01-01T00:00:00Z,,31/6,"Baikonur Cosmodrome, Republic of Kazakhstan",,TBD,
https://spacelaunchnow.me/launch/falcon-9-block-5-o3b-mpower-4-7,Falcon 9 Block 5 | O3b mPower 4-7,2021-01-01T00:00:00Z,2021-01-01T00:00:00Z,2021-01-01T00:00:00Z,,Space Launch Complex 4E,"Vandenberg AFB, CA, USA",,TBD,
https://spacelaunchnow.me/launch/pslv-amazonia-1,PSLV  | Amazonia 1,2021-02-01T00:00:00Z,2021-02-01T00:00:00Z,2021-02-01T00:00:00Z,,Satish Dhawan Space Centre First Launch Pad,"Sriharikota, Republic of India",,TBD,
https://spacelaunchnow.me/launch/antares-230-cygnus-crs-2-ng-15,Antares 230+ | Cygnus CRS-2 NG-15,2021-02-01T00:00:00Z,2021-02-01T00:00:00Z,2021-02-01T00:00:00Z,,Launch Area 0 A,"Wallops Island, Virginia, USA",,TBD,
https://spacelaunchnow.me/launch/falcon-heavy-ussf-52,Falcon Heavy | USSF-52,2021-03-01T00:00:00Z,2021-03-01T00:00:00Z,2021-03-01T00:00:00Z,,Launch Complex 39A,"Kennedy Space Center, FL, USA",,TBD,
https://spacelaunchnow.me/launch/atlas-v-421-sbirs-geo-5,Atlas V 421 | SBIRS GEO-5,2021-03-01T00:00:00Z,2021-03-01T00:00:00Z,2021-03-01T00:00:00Z,,Space Launch Complex 41,"Cape Canaveral, FL, USA",,TBD,
https://spacelaunchnow.me/launch/electron-rasr-3,Electron | RASR-3,2021-03-01T00:00:00Z,2021-03-01T00:00:00Z,2021-03-01T00:00:00Z,,Rocket Lab Launch Complex 1A,"Onenui Station, Mahia Peninsula, New Zealand",,TBD,
https://spacelaunchnow.me/launch/electron-rasr-4,Electron | RASR-4,2021-03-01T00:00:00Z,2021-03-01T00:00:00Z,2021-03-01T00:00:00Z,,Rocket Lab Launch Complex 1B,"Onenui Station, Mahia Peninsula, New Zealand",,TBD,
https://spacelaunchnow.me/launch/omega-2-x-nationsat-others,OmegA | 2 x NationSat & others,2021-03-01T00:00:00Z,2021-03-01T00:00:00Z,2021-03-01T00:00:00Z,2 x NationSat & others,Launch Complex 39B,"Kennedy Space Center, FL, USA",,TBD,Test Flight
https://spacelaunchnow.me/launch/falcon-9-block-5-dragon-crs-2-spx-22,Falcon 9 Block 5 | Dragon CRS-2 SpX-22,2021-03-12T00:00:00Z,2021-03-12T00:00:00Z,2021-03-12T00:00:00Z,,Launch Complex 39A,"Kennedy Space Center, FL, USA",,TBD,
https://spacelaunchnow.me/launch/falcon-9-block-5-spx-uscv-2-nasa-crew-flight-2,Falcon 9 Block 5 | SpX USCV-2 (NASA Crew Flight 2),2021-03-30T00:00:00Z,2021-03-30T00:00:00Z,2021-03-30T00:00:00Z,SpX USCV-2 (NASA Crew Flight 2),Launch Complex 39A,"Kennedy Space Center, FL, USA",LEO,TBD,Human Exploration
https://spacelaunchnow.me/launch/falcon-9-block-5-gps-iii-sv06,Falcon 9 Block 5 | GPS III SV06,2021-04-01T00:00:00Z,2021-04-01T00:00:00Z,2021-04-01T00:00:00Z,,Space Launch Complex 40,"Cape Canaveral, FL, USA",,TBD,
https://spacelaunchnow.me/launch/atlas-v-n22-cst-100-starliner-crewed-flight-test,Atlas V N22 | CST-100 Starliner Crewed Flight Test,2021-04-01T00:00:00Z,2021-04-01T00:00:00Z,2021-04-01T00:00:00Z,CST-100 Starliner Crewed Flight Test (Crewed),Space Launch Complex 41,"Cape Canaveral, FL, USA",LEO,TBD,Test Flight
https://spacelaunchnow.me/launch/minotaur-i-nrol-111,Minotaur I | NROL-111,2021-04-01T00:00:00Z,2021-04-01T00:00:00Z,2021-04-01T00:00:00Z,NROL-111,Launch Area 0 B,"Wallops Island, Virginia, USA",,TBD,Government/Top Secret
https://spacelaunchnow.me/launch/falcon-9-block-5-x-ray-polarimetry-explorer-ixpe,Falcon 9 Block 5 | X-Ray Polarimetry Explorer (IXPE),2021-04-01T00:00:00Z,2021-04-01T00:00:00Z,2021-04-01T00:00:00Z,,Launch Complex 39A,"Kennedy Space Center, FL, USA",,TBD,
https://spacelaunchnow.me/launch/atlas-v-401-landsat-9,Atlas V 401 | Landsat 9,2021-04-08T00:00:00Z,2021-04-08T00:00:00Z,2021-04-08T00:00:00Z,Landsat 9,Space Launch Complex 3E,"Vandenberg AFB, CA, USA",SSO,TBD,Earth Science
https://spacelaunchnow.me/launch/proton-m-mlm-nauka,Proton-M | MLM Nauka,2021-05-01T00:00:00Z,2021-05-01T00:00:00Z,2021-05-01T00:00:00Z,MLM Nauka,200/39 (200L),"Baikonur Cosmodrome, Republic of Kazakhstan",LEO,TBD,Human Exploration
https://spacelaunchnow.me/launch/soyuz-21b-uzlovoy-module-um-prichal,"Soyuz 2.1b | Uzlovoy Module (UM) ""Prichal""",2021-05-01T00:00:00Z,2021-05-01T00:00:00Z,2021-05-01T00:00:00Z,"Uzlovoy Module (UM) ""Prichal""",31/6,"Baikonur Cosmodrome, Republic of Kazakhstan",LEO,TBD,Human Exploration
https://spacelaunchnow.me/launch/falcon-9-block-5-dedicated-sso-rideshare-mission-2,Falcon 9 Block 5 | Dedicated SSO Rideshare Mission 2,2021-06-01T00:00:00Z,2021-06-01T00:00:00Z,2021-06-01T00:00:00Z,,Space Launch Complex 4E,"Vandenberg AFB, CA, USA",,TBD,
https://spacelaunchnow.me/launch/soyuz-21a-obzor-r-no1,Soyuz 2.1a | Obzor-R No.1,2021-06-01T00:00:00Z,2021-06-01T00:00:00Z,2021-06-01T00:00:00Z,,Cosmodrome Site 1S,"Vostochny Cosmodrome, Siberia, Russian Federation",,TBD,
https://spacelaunchnow.me/launch/falcon-9-block-5-axiom-space-mission,Falcon 9 Block 5 | Axiom Space Mission,2021-06-01T00:00:00Z,2021-06-01T00:00:00Z,2021-06-01T00:00:00Z,Axiom Space Mission,Launch Complex 39A,"Kennedy Space Center, FL, USA",LEO,TBD,Tourism
https://spacelaunchnow.me/launch/vega-c-2-x-pleiades-neo-2,Vega-C | 2 x Pléiades Neo,2021-06-01T00:00:00Z,2021-06-01T00:00:00Z,2021-06-01T00:00:00Z,,Ariane Launch Area 1,"Kourou, French Guiana",,TBD,
https://spacelaunchnow.me/launch/falcon-9-block-5-double-asteroid-redirection-test,Falcon 9 Block 5 | Double Asteroid Redirection Test (DART),2021-06-01T00:00:00Z,2021-06-01T00:00:00Z,2021-06-01T00:00:00Z,Double Asteroid Redirection Test (DART),Space Launch Complex 4E,"Vandenberg AFB, CA, USA",Helio-N/A,TBD,Robotic Exploration
https://spacelaunchnow.me/launch/ariane-5-eca-heinrich-hertz-h2sat,Ariane 5 ECA | Heinrich Hertz (H2Sat),2021-06-01T00:00:00Z,2021-06-01T00:00:00Z,2021-06-01T00:00:00Z,,Ariane Launch Area 3,"Kourou, French Guiana",,TBD,
https://spacelaunchnow.me/launch/atlas-v-n22-uscv-3-starliner-1,Atlas V N22 | USCV-3 (Starliner-1),2021-07-01T00:00:00Z,2021-07-01T00:00:00Z,2021-07-01T00:00:00Z,USCV-3 (Starliner-1),Space Launch Complex 41,"Cape Canaveral, FL, USA",,TBD,Human Exploration
https://spacelaunchnow.me/launch/falcon-9-block-5-spaceflight-gto-c-hakuto-r-1,Falcon 9 Block 5 | Spaceflight GTO-C (Hakuto-R 1),2021-07-01T00:00:00Z,2021-07-01T00:00:00Z,2021-07-01T00:00:00Z,,Space Launch Complex 40,"Cape Canaveral, FL, USA",,TBD,
https://spacelaunchnow.me/launch/ariane-62-oneweb,Ariane 62 | OneWeb,2021-07-01T00:00:00Z,2021-07-01T00:00:00Z,2021-07-01T00:00:00Z,,Ariane Launch Area 4,"Kourou, French Guiana",,TBD,
https://spacelaunchnow.me/launch/ariane-5-eca-ovzon-3,Ariane 5 ECA | Ovzon-3,2021-07-01T00:00:00Z,2021-07-01T00:00:00Z,2021-07-01T00:00:00Z,,Ariane Launch Area 3,"Kourou, French Guiana",,TBD,
https://spacelaunchnow.me/launch/electron-capstone,Electron | CAPSTONE,2021-07-01T00:00:00Z,2021-07-01T00:00:00Z,2021-07-01T00:00:00Z,CAPSTONE,Rocket Lab Launch Complex 2,"Wallops Island, Virginia, USA",,TBD,Planetary Science
https://spacelaunchnow.me/launch/vulcan-522-peregrine-lunar-lander-maiden-flight,Vulcan 522 | Peregrine lunar lander (Maiden flight),2021-07-01T00:00:00Z,2021-07-01T00:00:00Z,2021-07-01T00:00:00Z,,Space Launch Complex 41,"Cape Canaveral, FL, USA",,TBD,
https://spacelaunchnow.me/launch/ravn-aslon-45,Ravn  | ASLON-45,2021-07-01T00:00:00Z,2021-07-01T00:00:00Z,2021-07-01T00:00:00Z,ASLON-45,Cecil Air and Space Port,Air launch to orbit,,TBD,Dedicated Rideshare
https://spacelaunchnow.me/launch/soyuz-21afregat-m-meteor-m-no2-3,Soyuz 2.1a/Fregat-M | Meteor-M No.2-3,2021-08-01T00:00:00Z,2021-08-01T00:00:00Z,2021-08-01T00:00:00Z,,Cosmodrome Site 1S,"Vostochny Cosmodrome, Siberia, Russian Federation",,TBD,
https://spacelaunchnow.me/launch/atlas-v-551-ussf-12,Atlas V 551 | USSF-12,2021-08-01T00:00:00Z,2021-08-01T00:00:00Z,2021-08-01T00:00:00Z,,Space Launch Complex 41,"Cape Canaveral, FL, USA",,TBD,
https://spacelaunchnow.me/launch/falcon-9-block-5-swot-surface-water-and-ocean-topo,Falcon 9 Block 5 | SWOT - Surface Water and Ocean Topography,2021-09-01T00:00:00Z,2022-04-01T00:00:00Z,2021-04-01T00:00:00Z,,Space Launch Complex 4E,"Vandenberg AFB, CA, USA",,TBD,
https://spacelaunchnow.me/launch/vulcan-542-dream-chaser-crs-2-flight-1,Vulcan 542 | Dream Chaser CRS 2 Flight 1,2021-09-01T00:00:00Z,2021-09-01T00:00:00Z,2021-09-01T00:00:00Z,,Space Launch Complex 41,"Cape Canaveral, FL, USA",,TBD,
https://spacelaunchnow.me/launch/soyuz-21bfregat-m-luna-25,Soyuz 2.1b/Fregat-M | Luna 25,2021-10-01T00:00:00Z,2021-10-01T00:00:00Z,2021-10-01T00:00:00Z,,31/6,"Baikonur Cosmodrome, Republic of Kazakhstan",,TBD,
https://spacelaunchnow.me/launch/ariane-64-viasat-3-series-satellite,Ariane 64 | ViaSat-3 series satellite,2021-10-01T00:00:00Z,2021-10-01T00:00:00Z,2021-10-01T00:00:00Z,,Ariane Launch Area 3,"Kourou, French Guiana",,TBD,
https://spacelaunchnow.me/launch/atlas-v-401-lucy,Atlas V 401 | Lucy,2021-10-01T00:00:00Z,2021-10-01T00:00:00Z,2021-10-01T00:00:00Z,,Space Launch Complex 41,"Cape Canaveral, FL, USA",,TBD,
https://spacelaunchnow.me/launch/ariane-62-2-x-galileo,Ariane 62 | 2 x Galileo,2021-10-01T00:00:00Z,2021-10-01T00:00:00Z,2021-10-01T00:00:00Z,,Ariane Launch Area 4,"Kourou, French Guiana",,TBD,
https://spacelaunchnow.me/launch/ariane-62-cso-3,Ariane 62 | CSO 3,2021-10-01T00:00:00Z,2021-10-01T00:00:00Z,2021-10-01T00:00:00Z,CSO 3,Ariane Launch Area 4,"Kourou, French Guiana",SSO,TBD,Government/Top Secret
https://spacelaunchnow.me/launch/falcon-9-block-5-nova-c-lunar-lander,Falcon 9 Block 5 | Nova-C lunar lander,2021-10-11T00:00:00Z,2021-10-11T00:00:00Z,2021-10-11T00:00:00Z,,Launch Complex 39A,"Kennedy Space Center, FL, USA",,TBD,
https://spacelaunchnow.me/launch/ariane-5-eca-james-webb-space-telescope-jwst,Ariane 5 ECA | James Webb Space Telescope (JWST),2021-10-31T00:00:00Z,2021-10-31T00:00:00Z,2021-10-31T00:00:00Z,,Ariane Launch Area 3,"Kourou, French Guiana",,TBD,
https://spacelaunchnow.me/launch/sls-block-1-artemis-1,SLS Block 1 | Artemis-1,2021-11-01T00:00:00Z,2021-11-01T00:00:00Z,2021-11-01T00:00:00Z,Artemis-1,Launch Complex 39B,"Kennedy Space Center, FL, USA",LO,TBD,Human Exploration
https://spacelaunchnow.me/launch/falcon-9-block-5-dedicated-sso-rideshare-mission-3,Falcon 9 Block 5 | Dedicated SSO Rideshare Mission 3,2021-12-01T00:00:00Z,2021-12-01T00:00:00Z,2021-12-01T00:00:00Z,,Space Launch Complex 4E,"Vandenberg AFB, CA, USA",,TBD,
https://spacelaunchnow.me/launch/angara-12-kompsat-6,Angara 1.2 | KOMPSAT-6,2021-12-01T00:00:00Z,2021-12-01T00:00:00Z,2021-12-01T00:00:00Z,,Unknown Pad,"Plesetsk Cosmodrome, Russian Federation",,TBD,
https://spacelaunchnow.me/launch/atlas-v-541-goes-t,Atlas V 541 | GOES-T,2021-12-01T00:00:00Z,2021-12-01T00:00:00Z,2021-12-01T00:00:00Z,,Space Launch Complex 41,"Cape Canaveral, FL, USA",,TBD,
https://spacelaunchnow.me/launch/vulcan-542-dream-chaser-crs-2-flight-2,Vulcan 542 | Dream Chaser CRS 2 Flight 2,2021-12-01T00:00:00Z,2021-12-01T00:00:00Z,2021-12-01T00:00:00Z,,Space Launch Complex 41,"Cape Canaveral, FL, USA",,TBD,
https://spacelaunchnow.me/launch/vega-c-kompsat-7,Vega-C | KOMPSAT-7,2021-12-01T00:00:00Z,2021-12-01T00:00:00Z,2021-12-01T00:00:00Z,KOMPSAT-7,Ariane Launch Area 1,"Kourou, French Guiana",SSO,TBD,Earth Science
https://spacelaunchnow.me/launch/h-iii-inmarsat-satellite,H-III  | Inmarsat satellite,2022-01-01T00:00:00Z,2022-01-01T00:00:00Z,2022-01-01T00:00:00Z,,Unknown Pad,"Tanegashima, Japan",,TBD,
https://spacelaunchnow.me/launch/atlas-v-401-jpss-2-joint-polar-satellite-system-sp,Atlas V 401 | JPSS 2 (Joint Polar Satellite System spacecraft No. 2),2022-01-01T00:00:00Z,2022-01-01T00:00:00Z,2022-01-01T00:00:00Z,JPSS 2 (Joint Polar Satellite System spacecraft No. 2),Space Launch Complex 3E,"Vandenberg AFB, CA, USA",SSO,TBD,Earth Science
https://spacelaunchnow.me/launch/proton-mblok-dm-03-elektro-l-no4,Proton-M/Blok DM-03 | Elektro-L No.4,2022-01-01T00:00:00Z,2022-01-01T00:00:00Z,2022-01-01T00:00:00Z,,Unknown Pad,"Baikonur Cosmodrome, Republic of Kazakhstan",,TBD,
https://spacelaunchnow.me/launch/atlas-v-421-sbirs-geo-6,Atlas V 421 | SBIRS GEO-6,2022-01-01T00:00:00Z,2022-01-01T00:00:00Z,2022-01-01T00:00:00Z,,Space Launch Complex 41,"Cape Canaveral, FL, USA",,TBD,
https://spacelaunchnow.me/launch/gslv-mk-ii-nisar-nasa-isro-synthetic-aperture-rada,GSLV Mk II | NISAR (NASA-ISRO Synthetic Aperture Radar),2022-01-01T00:00:00Z,2022-01-01T00:00:00Z,2022-01-01T00:00:00Z,,Unknown Pad,"Sriharikota, Republic of India",,TBD,
https://spacelaunchnow.me/launch/soyuz-stbfregat-euclid,Soyuz STB/Fregat | Euclid,2022-01-01T00:00:00Z,2022-01-01T00:00:00Z,2022-01-01T00:00:00Z,,Soyuz Launch Complex,"Kourou, French Guiana",,TBD,
https://spacelaunchnow.me/launch/falcon-9-block-5-nilesat-301,Falcon 9 Block 5 | Nilesat-301,2022-01-01T00:00:00Z,2022-01-01T00:00:00Z,2022-01-01T00:00:00Z,,Space Launch Complex 40,"Cape Canaveral, FL, USA",,TBD,
https://spacelaunchnow.me/launch/pslv-xl-aditya-l1,PSLV-XL | Aditya-L1,2022-01-01T00:00:00Z,2022-01-01T00:00:00Z,2022-01-01T00:00:00Z,Aditya-L1,Satish Dhawan Space Centre First Launch Pad,"Sriharikota, Republic of India",L1-point,TBD,Heliophysics
https://spacelaunchnow.me/launch/falcon-9-block-5-intelsat-40e,Falcon 9 Block 5 | Intelsat 40e,2022-01-01T00:00:00Z,2022-01-01T00:00:00Z,2022-01-01T00:00:00Z,,Space Launch Complex 40,"Cape Canaveral, FL, USA",,TBD,
https://spacelaunchnow.me/launch/ariane-64-go-1,Ariane 64 | GO-1,2022-01-01T00:00:00Z,2022-01-01T00:00:00Z,2022-01-01T00:00:00Z,,Ariane Launch Area 4,"Kourou, French Guiana",,TBD,
https://spacelaunchnow.me/launch/electron-archinaut-one,Electron | Archinaut One,2022-01-01T00:00:00Z,2022-01-01T00:00:00Z,2022-01-01T00:00:00Z,Archinaut One,Rocket Lab Launch Complex 1A,"Onenui Station, Mahia Peninsula, New Zealand",,TBD,Unknown
https://spacelaunchnow.me/launch/vega-naos,Vega | NAOS,2022-01-01T00:00:00Z,2022-01-01T00:00:00Z,2022-01-01T00:00:00Z,,Ariane Launch Area 1,"Kourou, French Guiana",,TBD,
https://spacelaunchnow.me/launch/vega-theos-2,Vega | THEOS-2,2022-01-01T00:00:00Z,2022-01-01T00:00:00Z,2022-01-01T00:00:00Z,,Ariane Launch Area 1,"Kourou, French Guiana",,TBD,
https://spacelaunchnow.me/launch/vega-c-space-rider,Vega-C | Space Rider,2022-01-01T00:00:00Z,2022-01-01T00:00:00Z,2022-01-01T00:00:00Z,,Ariane Launch Area 1,"Kourou, French Guiana",,TBD,
https://spacelaunchnow.me/launch/epsilon-jv-lotusat-2,Epsilon  | JV-LOTUSat-2,2022-01-01T00:00:00Z,2022-01-01T00:00:00Z,2022-01-01T00:00:00Z,,Mu Center,"Uchinoura Space Center, Japan",,TBD,
https://spacelaunchnow.me/launch/atlas-v-551-silent-barker,Atlas V 551 | Silent Barker,2022-01-01T00:00:00Z,2022-01-01T00:00:00Z,2022-01-01T00:00:00Z,,Space Launch Complex 41,"Cape Canaveral, FL, USA",,TBD,
https://spacelaunchnow.me/launch/h-iii-24-htv-x1,H-III 24 | HTV-X1,2022-02-01T00:00:00Z,2022-02-01T00:00:00Z,2022-02-01T00:00:00Z,,Unknown Pad,"Tanegashima, Japan",,TBD,
https://spacelaunchnow.me/launch/vulcan-ussf-106,Vulcan | USSF-106,2022-03-01T00:00:00Z,2022-03-01T00:00:00Z,2022-03-01T00:00:00Z,USSF-106,Space Launch Complex 41,"Cape Canaveral, FL, USA",,TBD,Government/Top Secret
https://spacelaunchnow.me/launch/vulcan-ussf-51,Vulcan | USSF-51,2022-03-01T00:00:00Z,2022-03-01T00:00:00Z,2022-03-01T00:00:00Z,,Space Launch Complex 41,"Cape Canaveral, FL, USA",,TBD,
https://spacelaunchnow.me/launch/vega-proba-3,Vega | Proba-3,2022-06-01T00:00:00Z,2022-06-01T00:00:00Z,2022-06-01T00:00:00Z,,Ariane Launch Area 1,"Kourou, French Guiana",,TBD,
https://spacelaunchnow.me/launch/ariane-64-juice-jupiter-icy-moons-explorer,Ariane 64 | JUICE (JUpiter ICy moons Explorer),2022-06-01T00:00:00Z,2022-06-01T00:00:00Z,2022-06-01T00:00:00Z,JUICE (JUpiter ICy moons Explorer),Ariane Launch Area 3,"Kourou, French Guiana",Helio-N/A,TBD,Planetary Science
https://spacelaunchnow.me/launch/atlas-v-ses-20-ses-21,Atlas V | SES-20 & SES-21,2022-06-01T00:00:00Z,2022-06-01T00:00:00Z,2022-06-01T00:00:00Z,,Space Launch Complex 41,"Cape Canaveral, FL, USA",,TBD,
https://spacelaunchnow.me/launch/falcon-9-block-5-ses-18-ses-19,Falcon 9 Block 5 | SES-18 & SES-19,2022-06-01T00:00:00Z,2022-06-01T00:00:00Z,2022-06-01T00:00:00Z,SES-18 & SES-19,Space Launch Complex 40,"Cape Canaveral, FL, USA",,TBD,Communications
https://spacelaunchnow.me/launch/soyuz-stafregat-earthcare,Soyuz STA/Fregat | EarthCARE,2022-06-01T00:00:00Z,2022-06-01T00:00:00Z,2022-06-01T00:00:00Z,EarthCARE,Soyuz Launch Complex,"Kourou, French Guiana",,TBD,Earth Science
https://spacelaunchnow.me/launch/delta-iv-heavy-nrol-91,Delta IV Heavy | NROL-91,2022-07-01T00:00:00Z,2022-07-01T00:00:00Z,2022-07-01T00:00:00Z,,Space Launch Complex 6,"Vandenberg AFB, CA, USA",,TBD,
https://spacelaunchnow.me/launch/falcon-heavy-psyche-escapade-and-janus,"Falcon Heavy | Psyche, EscaPADE and Janus",2022-07-01T00:00:00Z,2022-07-01T00:00:00Z,2022-07-01T00:00:00Z,"Psyche, EscaPADE and Janus",Launch Complex 39A,"Kennedy Space Center, FL, USA",,TBD,Planetary Science
https://spacelaunchnow.me/launch/falcon-9-block-5-kplo-korean-pathfinder-lunar-orbi,Falcon 9 Block 5 | KPLO (Korean Pathfinder Lunar Orbiter),2022-07-01T00:00:00Z,2022-07-01T00:00:00Z,2022-07-01T00:00:00Z,,Space Launch Complex 40,"Cape Canaveral, FL, USA",,TBD,
https://spacelaunchnow.me/launch/proton-mbriz-m-exomars-2022-kazachok-surface-platf,Proton-M/Briz-M | ExoMars 2022 Kazachok surface platform & Rosalind Franklin rover,2022-08-01T00:00:00Z,2022-08-01T00:00:00Z,2022-08-01T00:00:00Z,ExoMars 2022 Surface Platform & Rosalind Franklin Rover,200/39 (200L),"Baikonur Cosmodrome, Republic of Kazakhstan",Helio-N/A,TBD,Robotic Exploration
https://spacelaunchnow.me/launch/sls-block-1-artemis-2,SLS Block 1 | Artemis-2,2022-09-01T00:00:00Z,2022-09-01T00:00:00Z,2022-09-01T00:00:00Z,,Launch Complex 39B,"Kennedy Space Center, FL, USA",,TBD,
https://spacelaunchnow.me/launch/falcon-heavy-ussf-67,Falcon Heavy | USSF-67,2022-09-01T00:00:00Z,2022-09-01T00:00:00Z,2022-09-01T00:00:00Z,USSF-67,Launch Complex 39A,"Kennedy Space Center, FL, USA",,TBD,Government/Top Secret
https://spacelaunchnow.me/launch/vega-biomass,Vega | Biomass,2022-10-01T00:00:00Z,2022-10-01T00:00:00Z,2022-10-01T00:00:00Z,Biomass,Ariane Launch Area 1,"Kourou, French Guiana",,TBD,Earth Science
https://spacelaunchnow.me/launch/falcon-9-block-5-arctic-satellite-broadband-missio,Falcon 9 Block 5 | Arctic Satellite Broadband Mission,2022-10-01T00:00:00Z,2022-10-01T00:00:00Z,2022-10-01T00:00:00Z,,Space Launch Complex 4E,"Vandenberg AFB, CA, USA",,TBD,
https://spacelaunchnow.me/launch/falcon-9-block-5-pace-plankton-aerosol-cloud-ocean,"Falcon 9 Block 5 | PACE (Plankton, Aerosol, Cloud, ocean Ecosystem)",2022-12-01T00:00:00Z,2022-12-01T00:00:00Z,2022-12-01T00:00:00Z,"PACE (Plankton, Aerosol, Cloud, ocean Ecosystem)",Space Launch Complex 40,"Cape Canaveral, FL, USA",,TBD,Earth Science
https://spacelaunchnow.me/launch/proton-mblok-dm-03-elektro-l-no5,Proton-M/Blok DM-03 | Elektro-L No.5,2022-12-01T00:00:00Z,2022-12-01T00:00:00Z,2022-12-01T00:00:00Z,,Unknown Pad,"Baikonur Cosmodrome, Republic of Kazakhstan",,TBD,
https://spacelaunchnow.me/launch/delta-iv-heavy-nrol-68,Delta IV Heavy | NROL-68,2023-01-01T00:00:00Z,2023-01-01T00:00:00Z,2023-01-01T00:00:00Z,,Space Launch Complex 37B,"Cape Canaveral, FL, USA",,TBD,
https://spacelaunchnow.me/launch/vega-flex,Vega | FLEX,2023-01-01T00:00:00Z,2023-01-01T00:00:00Z,2023-01-01T00:00:00Z,FLEX,Ariane Launch Area 1,"Kourou, French Guiana",SSO,TBD,Earth Science
https://spacelaunchnow.me/launch/long-march-5-change-6,Long March 5  | Chang'e 6,2023-01-01T00:00:00Z,2023-01-01T00:00:00Z,2023-01-01T00:00:00Z,Chang'e 6,Wenchang,"Wenchang Satellite Launch Center, People's Republic of China",LO,TBD,Planetary Science
https://spacelaunchnow.me/launch/epsilon-jv-lotusat-1,Epsilon  | JV-LOTUSat-1,2023-01-01T00:00:00Z,2023-01-01T00:00:00Z,2023-01-01T00:00:00Z,,Mu Center,"Uchinoura Space Center, Japan",,TBD,
https://spacelaunchnow.me/launch/angara-a5briz-m-unknown,Angara A5/Briz-M | Unknown,2023-10-01T00:00:00Z,2023-10-01T00:00:00Z,2023-10-01T00:00:00Z,,Cosmodrome Site 1A,"Vostochny Cosmodrome, Siberia, Russian Federation",,TBD,
https://spacelaunchnow.me/launch/vega-c-ital-govsatcom,Vega-C | Ital-GovSatCom,2024-01-01T00:00:00Z,2024-01-01T00:00:00Z,2024-01-01T00:00:00Z,,Ariane Launch Area 1,"Kourou, French Guiana",,TBD,
https://spacelaunchnow.me/launch/sls-block-1-artemis-3,SLS Block 1 | Artemis-3,2024-01-01T00:00:00Z,2024-01-01T00:00:00Z,2024-01-01T00:00:00Z,,Launch Complex 39B,"Kennedy Space Center, FL, USA",,TBD,
https://spacelaunchnow.me/launch/long-march-5-change-7,Long March 5  | Chang'e 7,2024-01-01T00:00:00Z,2024-01-01T00:00:00Z,2024-01-01T00:00:00Z,,Wenchang,"Wenchang Satellite Launch Center, People's Republic of China",,TBD,
https://spacelaunchnow.me/launch/delta-iv-heavy-nrol-70,Delta IV Heavy | NROL-70,2024-01-01T00:00:00Z,2024-01-01T00:00:00Z,2024-01-01T00:00:00Z,,Space Launch Complex 37B,"Cape Canaveral, FL, USA",,TBD,
https://spacelaunchnow.me/launch/soyuz-21bfregat-m-luna-26,Soyuz 2.1b/Fregat-M | Luna 26,2024-11-13T00:00:00Z,2024-11-13T00:00:00Z,2024-11-13T00:00:00Z,,31/6,"Baikonur Cosmodrome, Republic of Kazakhstan",,TBD,
https://spacelaunchnow.me/launch/soyuz-21bfregat-m-luna-27,Soyuz 2.1b/Fregat-M | Luna 27,2025-01-01T00:00:00Z,2025-01-01T00:00:00Z,2025-01-01T00:00:00Z,,31/6,"Baikonur Cosmodrome, Republic of Kazakhstan",,TBD,
https://spacelaunchnow.me/launch/sls-block-1b-artemis-4,SLS Block 1B | Artemis-4,2025-01-01T00:00:00Z,2025-01-01T00:00:00Z,2025-01-01T00:00:00Z,,Launch Complex 39B,"Kennedy Space Center, FL, USA",,TBD,
https://spacelaunchnow.me/launch/sls-block-1-europa-clipper,SLS Block 1 | Europa Clipper,2025-01-01T00:00:00Z,2025-01-01T00:00:00Z,2025-01-01T00:00:00Z,Europa Clipper,Launch Complex 39B,"Kennedy Space Center, FL, USA",Helio-N/A,TBD,Planetary Science
https://spacelaunchnow.me/launch/sls-block-1b-artemis-5,SLS Block 1B | Artemis-5,2026-01-01T00:00:00Z,2026-01-01T00:00:00Z,2026-01-01T00:00:00Z,,Launch Complex 39B,"Kennedy Space Center, FL, USA",,TBD,
https://spacelaunchnow.me/launch/sls-block-1b-artemis-6,SLS Block 1B | Artemis-6,2027-01-01T00:00:00Z,2027-01-01T00:00:00Z,2027-01-01T00:00:00Z,,Launch Complex 39B,"Kennedy Space Center, FL, USA",,TBD,
https://spacelaunchnow.me/launch/sls-block-1b-artemis-7,SLS Block 1B | Artemis-7,2028-01-01T00:00:00Z,2028-01-01T00:00:00Z,2028-01-01T00:00:00Z,,Launch Complex 39B,"Kennedy Space Center, FL, USA",,TBD,
https://spacelaunchnow.me/launch/ariane-62-ariel-comet-interceptor,Ariane 62 | ARIEL & Comet Interceptor,2028-06-01T00:00:00Z,2028-06-01T00:00:00Z,2028-06-01T00:00:00Z,ARIEL & Comet Interceptor,Ariane Launch Area 4,"Kourou, French Guiana",L2,TBD,Planetary Science
