puerto,provincia,pueblo,altitud,distancia,desnivel,pendiente,coeficiente
SIERRA NEVADA-PICO VELETA,GRANADA,Haza Llanas-Las Sabinas,3296,39,2527,6,616
ANGLIRU,ASTURIAS,Santa Eulalia,1570,18,1423,7,528
GAMONITEIRO,ASTURIAS,Pola-Cobertoria,1772,15,1465,9,492
PEÑA ESCRITA,GRANADA,Torrecuevas,1200,13,1150,8,462
ANCARES,LUGO,Sª Morela-Balouta,1670,36,1355,3,427
PAJARES-CUITU NEGRU,ASTURIAS,Campomanes,1843,25,1466,5,394
PUERTO CAMACHO-SIERRA DE LÚJAR,GRANADA,Órgiva-Los Tablones,1873,20,1551,7,384
MORREDERO - PORTILLINOS,LEÓN,Ponferrada,1946,33,1436,4,378
NAVACERRADA-BOLA DEL MUNDO,MADRID,Collado Villalba,2258,21,1369,6,353
MONT CARO,TARRAGONA,Roquetes,1436,22,1427,6,352
SALTO DE LA CABRA,CANTABRIA,La Hermida,1116,10,1011,9,346
ARIMEGORTA,BIZKAIA,Lanbreabe (Zeanuri),900,4,610,14,335
CALAR ALTO,ALMERÍA,Tíjola,2162,32,1507,4,333
CARRASCOY,MURCIA,MU - 603,1058,9,868,9,322
OIZ,BIZKAIA,Gernika,1019,20,1012,5,313
HAZA DEL LINO,GRANADA,Rubite,1302,22,1291,5,312
VELEFIQUE-TETICA DE BACARES,ALMERÍA,Velefique,2078,23,1399,5,310
PEÑAS BLANCAS-LOS REALES,MÁLAGA,Estepona,1447,21,1442,6,310
FONTE DA COVA-COLLADA TREVINCA,OURENSE,Sobradelo,1837,27,1507,5,301
PRADELL,BARCELONA,Guardiola de Berguedà,1732,14,1027,6,301
TURÓ DE L´HOME,BARCELONA,Sant Celoni,1654,25,1495,5,299
CABEZA DE MANZANEDA,OURENSE,Bibei-Manzaneda,1760,30,1448,4,298
"PANDERA, LA",JAÉN,Los Villares,1839,23,1255,5,298
ERMITA DE ALBA,ASTURIAS,Bárzana,1196,6,762,11,294
SIERRA DE BERNIA,ALICANTE,CV - 755,687,5,626,12,293
JITU DE ESCARANDI-COLLADA BARREDA,ASTURIAS,Poncebos,1316,14,1105,7,289
"RAGUA, LA",GRANADA,Cherín,2041,25,1508,6,286
SIERO,ASTURIAS,Carballo,1143,6,653,9,285
IBAÑETA-ORTZANZURIETA,NAVARRA,Arnegi,1560,24,1315,5,280
REDONDAL,LEÓN,Turienzo Castañero,1530,9,860,9,278
PAGOLAR,ÁLAVA,Llodio,720,6,580,9,276
RASOS DE PEGUERA,BARCELONA,Berga,1892,16,1221,7,274
SAN LORENZO,ASTURIAS,La Riera,1346,9,855,8,271
LAGOS DE COVADONGA,ASTURIAS,AS-114,1124,13,962,6,268
VENTA LUISA - CALAR ALTO,ALMERÍA,Gérgal,1968,19,1251,6,268
CERRO DEL MORO (REPETIDOR DE MIJAS),MÁLAGA,Benalmádena,952,14,933,6,266
BELAUSTEGI,BIZKAIA,Ibarra (Orozko),749,4,511,10,263
PEÑA AGUDA-LLANO DE LAS OVEJAS,LEÓN,Nogar,1946,18,1138,6,261
PICÓN DEL FRAILE,BURGOS,San Roque de Riomiera,1614,27,1420,5,260
MORRÓN DE ESPUÑA-COLLADO BERMEJO,MURCIA,Alhama,1568,26,1383,5,258
PORT AINÉ,LLEIDA,C-13 entre Rialp y Llavorsí,1978,18,1238,6,256
EL YELMO,JAÉN,Cortijos Nuevos,1801,15,1056,6,255
VALLTER 2000,GERONA,Camprodon,2160,23,1228,5,255
MONCALVILLO,LA RIOJA,Medrano y Daroca,1491,14,969,6,252
CAMPERONA,LEÓN,Sabero,1597,9,648,6,251
MISERAT-CHILLIBRE-EL CALVARIO,ALICANTE,Pego,780,8,690,8,246
TUDONS-AITANA,ALICANTE,Sella,1549,22,1281,5,246
"NEILA, LAGUNAS DE",BURGOS,Villavelayo,1872,19,939,4,246
AMIEVA,ASTURIAS,Precendi,802,7,658,8,245
"FARRAPONA, LA",ASTURIAS,Somiedo,1708,18,1090,5,243
PICO DEL BUITRE,TERUEL,Arcos de las Salinas,1956,11,900,7,241
"COVATILLA, LA",SALAMANCA,Béjar,1963,20,1123,5,240
EL DORNAJO,GRANADA,Guéjar Sierra,1677,19,908,4,239
AZURKI,GIPUZKOA,Zestoa,672,14,627,4,235
OSMA (REPETIDOR TV),ÁLAVA,Osma,1087,4,519,12,233
"BOYAR, EL - PALOMAS, LAS",CÁDIZ,El Bosque,1189,19,917,4,233
SAN GLORIO,CANTABRIA,Potes,1602,26,1304,4,232
COLLFRED,GERONA,Sant Privat d´en Bas,1327,13,834,6,232
MONDÚVER,VALENCIA,Gandía,830,14,768,5,230
"CUBILLA, LA",ASTURIAS,Campomanes,1683,28,1293,4,229
COLLAO ESPINA,CANTABRIA,Bustablado,917,8,688,7,227
PICÓN BLANCO,BURGOS,Espinosa de los Monteros,1519,8,770,9,226
TREVÉLEZ,GRANADA,Órgiva,1535,35,1213,3,223
MAS DE LA COSTA,CASTELLÓN,Lucena del Cid,989,3,501,12,223
HIGA,NAVARRA,Monreal,1281,8,731,9,223
SAN MIGUEL DE ARALAR,NAVARRA,Uharte-Arakil,1340,10,875,8,221
LUNADA,CANTABRIA,Liérganes,1320,32,1240,3,220
VALLENÓN-CAMPO LAS DANZAS,LEÓN,Ponferrada,1545,21,1012,4,219
MARAVIO,ASTURIAS,San Pedro,1050,19,910,4,217
"ESCUDO, EL",CANTABRIA,Entrambasmestas,1011,15,811,5,215
"ASÓN, COLLADO DE - SÍA, LA",CANTABRIA,Arredondo,1236,20,1076,5,215
PORTELL TELL - PORT DEL COMPTE,LLEIDA,Solsona,1699,28,1018,3,214
VENTA LUISA,ALMERÍA,Serón,1968,27,1169,4,214
CRUZ DE LA DEMANDA,LA RIOJA,Posadas,1854,15,898,5,214
TORCAL DE ANTEQUERA,MÁLAGA,Villanueva de la Concepción,1231,10,802,7,214
COLLADA LLOMENA,ASTURIAS,Puente Vidosa,998,7,705,9,212
PAGOMAKURRE,BIZKAIA,Artea,878,9,733,7,212
COTO BELLO,ASTURIAS,Piñeres,1198,10,835,8,212
OTXONDO-GORRAMENDI,NAVARRA,Indarte erreka,1070,16,847,5,210
PAJARES,ASTURIAS,Campomanes,1481,23,1091,4,210
LARREDER-PAGOMAKURRE,BIZKAIA,Areatza,878,9,738,8,210
SAN RAFAEL-VALDELINARES,TERUEL,Mora de Rubielos,1973,27,943,3,209
CASIELLES,ASTURIAS,N-625 Puente la Huera,808,3,474,12,209
"PURCHE, EL",GRANADA,Monachil,1488,12,762,6,208
"ESTRANGUADA, LA",CANTABRIA,Llerana-Coterillo,681,5,485,8,206
SIERRA CABRERA,ALMERÍA,Turre,831,12,773,6,205
PICO VILLUERCAS,CÁCERES,Guadalupe,1580,16,1040,6,203
SAMIÑO,GIPUZKOA,Azkoitia,792,7,671,9,201
"PEÑÓN, EL",ZAMORA,Doney de la Requejada,1840,10,791,7,200
"RAMAL, COLLADO DEL - VENTA LUISA",ALMERÍA,Bacares,1968,15,779,5,199
CRUZ DE LINARES,ASTURIAS,Proaza,845,7,637,8,196
SAN ISIDRO (ESTACIÓN INVERNAL),ASTURIAS,Felechosa,1681,18,1022,5,194
ALTO CAMPOO-FUENTE DEL CHIVO,CANTABRIA,Reinosa,1982,21,1052,4,191
FONCEBADÓN-CRUZ DE FERRO,LEÓN,Molinaseca,1510,14,915,6,189
ALLANADAS DEL SANTO,JAÉN,La Guardia de Jaén,998,5,525,9,189
CÁÑAR,GRANADA,Órgiva,1166,12,847,6,186
PEÑA CABARGA,CANTABRIA,Heras,566,5,554,9,185
"CREUETA, LA",BARCELONA,la Pobla de Lillet,1923,21,1079,5,184
PEÑAS DEL VIENTO,ASTURIAS,Argatón,723,6,626,9,183
"COBERTORIA, LA",ASTURIAS,Santa Marina,1173,8,690,8,183
"LEÓN, EL",MÁLAGA,Olías,940,20,921,4,182
PIEDRASLUENGAS,CANTABRIA,Puentenansa,1354,37,1193,3,181
SANTA FE DEL MONTSENY,BARCELONA,Sant Celoni,1300,23,1145,4,179
LAGUNAS DE NEILA,BURGOS,Quintanar (carretera vieja),1873,13,788,5,179
SOMIEDO,ASTURIAS,La Riera,1503,19,996,5,178
SERRA GELADA,ALICANTE,Alfaz del Pí,432,3,393,10,176
MONTE ARDAL,ALBACETE,Boche,1432,15,810,5,175
"PONTÓN, EL - PANDERRUEDA",LEÓN,Puente Vidosa,1461,29,1169,3,175
SAN CRISTÓBAL,TERUEL,Pitarque,1477,8,612,6,174
"BORRIQUETA, LA",ALBACETE,Graya,1373,10,755,7,174
IROITE,A CORUÑA,Pomardorio,670,10,624,6,173
DESIERTO LAS PALMAS-MONTE BARTOLO,CASTELLÓN,Benicassim,726,10,704,6,173
"COLATIVÍ, PICO",ALMERÍA,Turrillas,1387,19,928,4,172
XORRET DE CATÍ,ALICANTE,Castalla,1097,3,437,11,170
HONDURAS,CÁCERES,Valle del Jerte,1430,16,873,5,170
XIABRE,PONTEVEDRA,Cores (Catoira),640,7,605,7,169
ELORRETA,BIZKAIA,Eibar,507,3,378,12,169
LEITARIEGOS,ASTURIAS,Sonande,1526,14,834,5,169
SARATXO,BIZKAIA,Zaramillo,417,3,378,12,169
BRACONS,GERONA,Can Trona,1132,8,655,7,169
ALTO REY,GUADALAJARA,Villares de Jadraque,1765,17,795,4,168
KARAKATE,GIPUZKOA,Soraluze-Ezozia,740,7,641,8,168
CERLER-AMPRIU,HUESCA,Benasque,1912,13,767,5,167
"MINA, LA",MÁLAGA,MA-159,795,7,562,7,167
BOLDÍS-SOBIRÀ,LLEIDA,Ainet de Cardós,1483,9,555,5,167
"SALLENTE, PRESA DE",LLEIDA,Torre de Cabdella,1770,17,863,4,166
SANTOPITAR,MÁLAGA,Comares,852,14,699,4,166
GOLOBAR,PALENCIA,Salcedillo,1800,19,874,4,165
VIDRÉ-VISTABELLA,CASTELLÓN,Atzeneta del Maestrat,1246,24,844,3,164
LOMA DE LAS CUADRILLAS,MÁLAGA,Río de la Miel,724,11,677,6,163
MIJARES,ÁVILA,Gavilanes,1570,22,1081,4,162
NAVAPELEGRÍN,SEGOVIA,Pradera de Navalhorno,1713,6,521,8,161
PIEDRA DE SAN MARTÍN,NAVARRA,Isaba (Belagua),1767,14,772,5,161
PEÑA HINCADA,LA RIOJA,Brieva de Cameros,1425,13,685,5,161
"QUESERA, LA",GUADALAJARA,Majaelrayo,1749,27,616,2,160
"PALOMAS, LAS",CÁDIZ,Grazalema,1189,14,821,5,158
PICO DEL ÁGUILA,HUESCA,Nueno,1600,16,910,5,157
A PARADANTA,PONTEVEDRA,Uma,936,11,749,6,157
URKIOLA,BIZKAIA,Mañaria,752,6,548,9,157
PEÑALBA DE SANTIAGO,LEÓN,Ponferrada,1098,18,565,3,156
BERMIEGO,ASTURIAS,AS-229,869,5,483,9,156
ERLAITZ-CASTILLO DEL INGLÉS,GIPUZKOA,Irun,501,7,473,6,154
"CABRA MONTÉS, MIRADOR DE LA",GRANADA,Jete,1002,17,893,5,154
GANDARIATS,BIZKAIA,Lemoa,376,2,311,13,153
"BATUECAS, PORTILLO DE LAS",SALAMANCA,Las Mestas,1252,14,810,5,153
MANTZARRAGA,BIZKAIA,Bº Albiorreta (Orozko),523,2,316,12,153
"NIEVES, LAS",CANTABRIA,Guriezo-Hoyomenor,682,11,662,5,153
PORTALET,HUESCA,Biescas,1794,27,942,3,152
SAN MARTÍN,BIZKAIA,Alonsotegi,304,1,276,15,152
COLLFORMIC,BARCELONA,Montseny,1145,15,815,5,152
MONCAYO,ZARAGOZA,Tarazona,1565,24,1085,4,152
"MADROÑO, EL",MÁLAGA,San Pedro de Alcántara,1056,21,1000,4,151
"CORDAL, EL",ASTURIAS,Pola de Lena,788,5,496,9,151
"TORNOS, LOS",CANTABRIA,Ramales de la Victoria,918,18,844,4,151
"FITO, EL",ASTURIAS,Loroñe,578,7,563,7,150
"PIÉLAGO, EL",TOLEDO,San Román de los Montes,1225,19,789,4,150
PEÑA NEGRA,ÁVILA,Piedrahita,1920,14,871,5,149
LANDETA,ÁLAVA,Okendo,484,1,283,14,148
ITURZURI,BIZKAIA,Goiuria,854,14,743,5,148
PALOMBERA,CANTABRIA,Fresneda,1257,21,936,4,148
"ALFAGUARA, LA",GRANADA,Chaparral,1438,16,772,4,147
"CENTENERA, LA",ÁVILA,Arenas de San Pedro,1350,16,850,5,147
SANTA LUCÍA,ÁLAVA,Llodio,494,3,346,11,146
PLETA DEL PRAT,LLEIDA,Ainet de Cardós,1703,18,775,4,146
CERRO BECERRERO,SEVILLA,Estepa,844,12,609,4,145
ORDUÑA,BIZKAIA,Orduña,902,8,606,7,145
COLLADIELLA,ASTURIAS,Sotrondio,857,9,597,6,144
CAMPELLO-PORTIXOL,VALENCIA,Vallada,774,7,529,6,143
BOÍ-TAÜLL,LLEIDA,Boí y Taüll,2031,14,780,5,142
MIRADOR DE ÉZARO,A CORUÑA,Ézaro,270,1,263,14,141
SOLLUBE (ANTENAS),BIZKAIA,Larrauri,681,11,605,5,141
MORCUERA,MADRID,Miraflores de la Sierra,1774,9,677,6,141
GAUCÍN,MÁLAGA,Río Genal,645,7,556,7,140
BAGORDI-ARRATEKETA,NAVARRA,Elizondo,681,5,478,0,140
ARTESIAGA,NAVARRA,Irurita,984,15,780,5,139
VALLE DE LAGO,ASTURIAS,Pola de Somiedo,1206,8,499,6,137
ALTZAGORTA,BIZKAIA,Ibarra (Orozko),645,4,410,8,137
NAVACERRADA,SEGOVIA,La Granja de San Ildefonso,1856,13,669,4,136
ANCILLO,CANTABRIA,Vegacorredor (Ramales),442,4,357,8,136
COTO REDONDO,PONTEVEDRA,Marín - San Xulián,523,7,519,6,136
ESTACAS DE TRUEBA,CANTABRIA,Vega de Pas,1150,14,800,5,135
ABANTOS,MADRID,San Lorenzo de El Escorial,1640,11,620,5,134
"POIO, O",LUGO,Villafranca del Bierzo,1335,26,735,2,134
CAPILEIRA,GRANADA,Pampaneira,1832,9,662,6,133
LARRAU,NAVARRA,Otxagabia,1579,10,688,6,132
VIRGEN DEL VALLE,LEÓN,Llama de Cabrera,1035,5,485,8,132
CUMBRES VERDES,GRANADA,La Zubia,1195,5,449,8,132
NOGAL DEL BARRANCO,ÁVILA,Arenas de San Pedro,1100,8,600,6,131
PASO DE LOS LOBOS-PEÑA DE FRANCIA,SALAMANCA,Río Francia,1710,13,725,5,130
PADORNELO (PARQUE EÓLICO),ZAMORA,Lubián,1745,21,765,3,130
CASTILNEGRO,CIUDAD REAL,N-430,852,4,372,8,130
VALDEZCARAY-COLLADO DE LAS TRES CRUCES,LA RIOJA,Ezcaray,1570,14,713,5,129
HERRERA,ÁLAVA,sur (Leza),1101,5,469,8,128
"ESPINO, EL",MÁLAGA,Algatocín,867,9,632,6,128
ASUNTZA,BIZKAIA,Ermua,485,2,297,10,128
"VIVERO, EL-GANGUREN",BIZKAIA,Zamudio-San Antolín,469,6,439,6,128
BIKOTX-GANE,BIZKAIA,Artea,565,5,442,8,127
"VINIEGRAS, LAS",LA RIOJA,Viniegra de Abajo,1583,19,727,3,125
URRAKI,GIPUZKOA,Azpeitia,682,8,590,6,125
GORDÓN,BIZKAIA,Turtzioz,486,3,331,10,125
USARTZA-ARRATE,GIPUZKOA,Eibar,581,6,452,7,124
"ARBOLEDA, LA (LA LEJANA)",BIZKAIA,Putxeta-Las Calizas,466,10,460,4,124
SERVETO,HUESCA,A-2609 - Sin,1320,5,430,8,124
SOLLUBE,BIZKAIA,Almike/Albóniga,384,3,376,9,124
CUEVA DE LOS MURCIÉLAGOS,CÓRDOBA,Zuheros,985,8,522,6,124
MENDIBIL (ARGALARIO),BIZKAIA,Gorostiza (Barakaldo),547,8,540,6,124
ELOSUA - GORLA,GIPUZKOA,Bergara,681,7,541,7,124
SIERRA DE MORELA,LUGO,Larxentes,953,10,638,6,123
"FORCADOS, OS",A CORUÑA,Pobra do Caramiñal,590,10,554,5,122
APALAGA,BIZKAIA,Igorre,379,4,294,6,122
ALMÁCHAR,MÁLAGA,Almáchar,601,4,409,8,121
"MUSSARA, LA",TARRAGONA,L´Aleixar,980,13,716,5,120
"RASA, LA",LA RIOJA,Valle del Iregua,1390,9,602,6,120
JAVALAMBRE,TERUEL,La Puebla de Valverde,1850,22,740,3,119
TARRASCÓN DE PEÑACERRADA,TERUEL,Fortanete,1814,6,471,7,119
SANTIAGOMENDI,GIPUZKOA,Astigarraga,297,2,287,11,119
MONTSERRAT,BARCELONA,Monistrol,735,8,588,6,118
"CARACOL, EL",CANTABRIA,Selaya,819,10,583,5,118
FREDES,CASTELLÓN,La Sénia,1156,18,775,4,118
SAN PEDRO DE IDOTORBE,GIPUZKOA,Elgoibar,414,3,369,9,118
SERRABLO,HUESCA,Boltaña,1289,13,698,5,117
GARRASTATXU,ÁLAVA,Baranbio,580,2,307,10,117
SOMPORT,HUESCA,Villanúa,1633,16,692,4,116
STA. ÁGUEDA-TOSTADERO,BIZKAIA,Castresana,300,2,280,10,116
PEÑAS NEGRAS,BIZKAIA,Muskiz-Las Calizas-Triano,496,9,490,5,115
ENXA,A CORUÑA,Porto do Son,539,7,510,6,115
BOQUETE DE ZAFARRAYA,MÁLAGA,Puente de Don Manuel,906,11,686,5,113
ENDOIA,GIPUZKOA,Zestoa,409,5,365,6,113
"FARELL, EL",BARCELONA,Caldes de Montbui,701,6,464,7,113
SANTA AGEDA,GIPUZKOA,Nuarbe,705,8,555,6,112
URDANETA,GIPUZKOA,Zarautz,375,3,352,9,110
ALISAS,CANTABRIA,La Cavada,674,12,620,4,110
LAGUNA NEGRA,SORIA,Santa Inés,1720,7,444,5,110
BIANDITZ,GIPUZKOA,Oiartzun,711,11,675,5,110
SANT PERE DE RODES,GERONA,El Port de la Selva,517,8,512,6,110
ALTOLLANO,CANTABRIA,Mirones,709,15,516,3,110
ANSOVELL,LLEIDA,Arsèguel,1335,9,546,5,110
SANTA MARINA,LA RIOJA,Robres del Castillo,1253,10,508,4,109
"MEDIANO, EL",ÁVILA,El Herradón de Pinares,1380,4,368,9,109
PEÑAS NEGRAS - LA ASTURIANA,BIZKAIA,Muskiz,496,7,478,6,108
TORNAVACAS,CÁCERES,Jerte,1278,14,693,4,108
PIORNAL,CÁCERES,Garganta la Olla,1284,17,761,4,108
ANDATZARRATE-ITURRIOTZ,GIPUZKOA,Andatza-Aia,591,13,526,3,108
MELENDREROS,ASTURIAS,Rozadas,744,6,395,6,108
ARRETXEKO BORDA,NAVARRA,Sunbilla,359,2,252,12,108
ROJALS,TARRAGONA,Montblanc,978,11,642,5,108
PEDRO RUIZ,CÁDIZ,Ubrique,903,14,583,4,107
PARESI,BIZKAIA,Altamira,403,6,395,5,107
COTEFABLO,HUESCA,Biescas,1423,13,553,4,106
ISTOLAKO BORDA,NAVARRA,Sunbilla,401,2,289,11,106
VENTA LA GLORIA,MÁLAGA,Almogía,453,4,276,5,106
NAVAFRÍA,MADRID,Lozoya,1778,11,635,5,106
"LORA, LA",CANTABRIA,Rocamundo,1069,5,366,6,106
LA PUEBLA,MADRID,Prádena del Rincón,1639,11,610,5,106
"VIVERO, EL (ANTENAS)",BIZKAIA,Bengoetxe (Galdakao),469,5,429,7,105
"LEÓN, EL - GUADARRAMA",MADRID,Guadarrama,1511,8,530,6,105
TAPLA,NAVARRA,Otxagabia,1364,14,614,4,105
"MOCLINEJO, ALTO DE",MÁLAGA,Moclinejo,601,14,596,4,105
ELORRIAGA,BIZKAIA,Lemoa,314,3,250,7,105
"ARTIBA, EMBALSE DE",BIZKAIA,Alonsotegi,328,3,328,7,104
ELORRIETA,BIZKAIA,Gernika,372,4,348,7,104
CHÍA,ÁVILA,Villafranca de la Sierra,1663,11,598,5,104
GINESTARRE,LLEIDA,Ainet de Cardós,1357,6,429,6,104
BELVALLE,CUENCA,Peralejos de las Truchas,1596,7,456,6,104
MISERAT-CHILLIBRE,ALICANTE,Vall d'Ebo,780,6,371,6,103
UBAL,BIZKAIA,Kontxa-Presa,646,7,489,6,103
PIQUERAS,LA RIOJA,Villanueva de Cameros,1710,19,702,3,103
COTOS,MADRID,El Paular (Rascafría),1830,14,637,4,102
"TRES JUANES, ERMITA DE LOS",GRANADA,Rotonda de Atarfe,858,1,222,13,102
"CEBREIRO, O",LUGO,Villafranca del Bierzo,1300,17,700,3,102
"HOZ, COLLADO DE",CANTABRIA,La Hermida,657,10,552,5,102
CAMPA DE LAVIADAS,LUGO,Navia de Suarna,795,10,475,4,101
KRUTZETA,ÁLAVA,Aramaio-Uribarri,697,4,372,7,101
SAN JUAN DE LA PEÑA,HUESCA,Santa Cruz de la Serós,1212,12,517,4,101
"ALGÁMITAS, PEÑÓN DE",SEVILLA,Algámitas,779,6,402,5,101
MARJANA,VALENCIA,Gestalgar,764,10,577,5,100
SEGURA DE LA SIERRA,JAÉN,El Batán,1218,8,516,5,100
CASTILLO DEL INGLÉS,GIPUZKOA,Oiartzun,500,11,488,4,100
O PORTELO-COMEAL,LEÓN,Ambasmestas,1264,17,654,3,100
PARRIOLABURU,BIZKAIA,Munitibar,463,2,279,10,100
AZPIROTZ,NAVARRA,Betelu,617,7,380,4,99
URIONDO,BIZKAIA,Ugao-Miravalles,368,3,279,9,99
CONJUROS,GRANADA,Castell de Ferro,574,10,565,5,99
LAGUNA DE LOS PECES,ZAMORA,Sanabria,1725,16,699,4,99
PRADO GRANDE,GRANADA,Ermita Padre Eterno,1310,4,365,8,98
GOIERRI,BIZKAIA,Urberoaga-Santutxu,344,3,279,7,98
PANDERRUEDA,LEÓN,Posada de Valdeón,1463,8,531,5,98
"ALBUÑUELAS, LAS",GRANADA,Saleres,873,9,360,3,98
PEÑAESCRITA,CANTABRIA,La Iglesia (Villaverde),490,3,331,8,97
LEAGI,BIZKAIA,Oleta,172,1,163,14,97
GABARDITO,HUESCA,Valle de Hecho,1388,6,474,6,97
SERANTES,BIZKAIA,Santurtzi,445,6,441,6,97
"ERILLAS, LAS",ÁVILA,Navalsauz,1642,6,387,6,97
NAVALMORAL,ÁVILA,Burgohondo,1514,15,679,4,97
ARANTZAZU,GIPUZKOA,Oñati,718,7,464,5,96
SOPLAO. EL,CANTABRIA,Rábago,530,7,444,6,96
BEL,CASTELLÓN,Rossell,962,8,520,6,96
URKIZU,GIPUZKOA,Tolosa,519,5,433,7,96
"MATANELA, LA",CANTABRIA,Vega de Pas,1005,17,705,4,96
VIRGEN DE LA SIERRA,CÓRDOBA,Cabra,1133,7,479,6,95
SILLA DEL PAPA,CÁDIZ,Ensenada de Bolonia,437,5,417,7,95
JAIZKIBEL,GIPUZKOA,Lezo-Pasajes,453,8,444,5,94
"SOL, EL",MÁLAGA,Periana,1078,9,503,5,94
SANTA INÉS,SORIA,Montenegro de Cameros,1753,11,589,5,93
SAUCELLE,SALAMANCA,Poblado de la Presa,655,9,503,5,93
JOSA,LLEIDA,Tuixént,1630,12,492,4,92
CARBAJAL,LEÓN,Quintanilla de Losada,1341,7,486,6,91
"CAVALLERS, PRESA DE",LLEIDA,Caldes de Boí,1764,8,513,6,91
"HONTANAR, EL",VALENCIA,Los Santos,1302,11,542,4,91
SAN PEDRO DE SOBA,CANTABRIA,Regules,692,7,481,6,91
PEÑA ANGULO,BURGOS,Añes,728,18,536,2,91
"ALDEA, LA - BERNEDO",NAVARRA,Elvillar - Cripán,988,18,588,3,90
PEÑA RANERO,BIZKAIA,Rioseco,487,5,374,7,89
SANCHO LEZA,LA RIOJA,Jalón de Cameros,1410,15,541,3,89
AIGÜES TORTES,LLEIDA,L-500,1816,7,480,6,88
"ARBOLEDA, LA",BIZKAIA,Trapagaran,465,8,435,5,87
SEL DE ARRIBA,CANTABRIA,Agüera,396,3,276,8,87
KARABIETA,GIPUZKOA,Eibar,561,6,442,6,86
ALEN,BIZKAIA,Olabarrieta Behekoa,541,5,385,7,86
ARRETURAS,BIZKAIA,Kontxa (Karrantza),653,9,488,5,86
MATAMACHOS,NAVARRA,Garde,1146,11,462,3,85
"SAN JULIÁN, CASTILLO DE",MURCIA,Cartagena,300,3,283,7,85
BIZKAIGANE,BIZKAIA,Forua-Metxika,379,6,374,5,85
URRUZTIMENDI,BIZKAIA,Fika,307,1,201,12,84
COLL DE LARENA-PRADES,TARRAGONA,L'Espluga de Francolí,1034,19,630,3,84
SANTA TEODOSIA,ÁLAVA,San Vicente de Arana,1043,2,248,9,84
SALINAS DE LÉNIZ,GIPUZKOA,Eskoriatza,621,6,330,5,84
"ROBLEDILLO, EL",TOLEDO,CM-4017,1205,9,445,4,84
POVEDAL-JORNILLO,CANTABRIA,Laiseca (Villaverde),542,5,333,6,84
"BRAGUÍA, LA",CANTABRIA,Selaya,705,8,469,5,84
IXUA,GIPUZKOA,Etxebarria,545,8,440,4,84
ALTOTERO,BURGOS,Poza de la Sal,1093,8,470,5,83
SALDARIAN,BIZKAIA,Ugao (Miravalles),283,2,210,9,83
"LOARRE, CASTILLO DE",HUESCA,Loarre,1077,3,312,8,82
MONREPÓS,HUESCA,Huesca,1265,12,546,4,82
LAMINDAO,BIZKAIA,Areatza,380,2,237,10,82
"SÍA, LA",BURGOS,Espinosa de los Monteros,1250,7,434,6,81
ETXAURI,NAVARRA,Etxauri,841,6,434,6,81
TENTUDÍA,BADAJOZ,Calera de León,1108,8,386,4,81
NABARNIZ,BIZKAIA,Aulesti-Narea,365,4,273,6,81
"MAZORRA, LA",BURGOS,Valdenoceda,1005,8,420,5,80
"REHOYOS, LOS",CIUDAD REAL,río Robledillo,993,9,501,5,80
CARMONA,CANTABRIA,Puentenansa,601,10,444,4,80
DOBRES-CUCAYO,CANTABRIA,La Vega de Liébana,955,11,494,4,79
ASENTZIO (INTXORTA),GIPUZKOA,Bergara,550,7,396,5,79
PAGATZANDU,BIZKAIA,Atxondo (Orozko),368,2,232,10,79
"HITO, EL",CANTABRIA,San Martín de Elines,1011,5,330,6,79
ELGETA,BIZKAIA,Elorrio,473,4,289,7,79
"REPETIDOR, ALTO DEL",BURGOS,Incinillas,1015,8,418,4,78
BARAZAR,BIZKAIA,Zeanuri,606,7,436,6,77
MOCLÍN,GRANADA,Tiena,1038,7,416,5,76
"BUSTO, PORTILLO DEL",BURGOS,Frías,1003,12,458,3,76
SANTA KITERIA DE ZAMUNDI,BIZKAIA,Alonsotegi (Bº Torregoiko),217,1,194,11,75
CABEZABELLOSA,CÁCERES,Villar de Plasencia,938,10,509,4,75
CAMPO LAYAL (LA APARECIDA),CANTABRIA,Ampuero,418,6,403,6,75
"CARDÓ, BALNEARIO DE",TARRAGONA,Rasquera,502,12,460,3,75
"OIOLA, PRESA DE",BIZKAIA,Gorostiza (Barakaldo),315,5,302,5,75
SAN SEBASTIÁN DE GARABANDAL,CANTABRIA,Cosío,558,6,356,5,74
BERATÓN,ZARAGOZA,Purujosa,1395,8,440,5,74
MENDIZORROTZ,GIPUZKOA,Orio (Txanka),392,7,384,4,74
ALCOMBA,CANTABRIA,Casas de Relumbrero,530,6,412,6,74
CERRO MALACARA,GRANADA,Obeilar,891,4,272,5,73
CANENCIA,MADRID,Miraflores de la Sierra,1524,8,371,4,73
ARREBATACAPAS,ÁVILA,Cebreros,1225,10,439,4,73
SIERRA SALVADA,ÁLAVA,Izoria,670,7,393,5,73
ASTERRIKA,BIZKAIA,Berriatua,240,2,221,9,73
EBO,ALICANTE,Pego,575,8,465,5,73
SAN JUAN DE ARTZUAGA,BIZKAIA,Zeanuri,403,5,234,4,72
"TIBIDABO, EL",BARCELONA,Vallvidrera,505,5,357,6,72
"CABRIO, EL",BURGOS,Paradores (Valle de Mena),755,8,393,4,72
ARACENA,HUELVA,Carboneras,735,11,389,3,72
ELEIZALDE (RIGOITIA),BIZKAIA,Olea,291,3,210,6,72
PAZUENGOS,LA RIOJA,Santurde,1175,8,405,4,71
NORZA,BIZKAIA,Lanbarri (Güeñes),251,1,181,10,71
DIMA,BIZKAIA,Dima,595,11,479,4,70
LOMOS DE ORIOS,LA RIOJA,Villoslada de Cameros,1403,8,373,4,70
ARTXANDA,BIZKAIA,Sondika (La Ola),213,2,202,9,70
FUENTE LAS VARAS,CANTABRIA,San Miguel de Aras,447,6,375,6,69
ELEXALDE,BIZKAIA,Elexalde (Mendata),246,2,197,9,69
SAN MAMÉS DE LUGAREJOS,CANTABRIA,Tresagua (Guriezo),205,2,195,9,69
BARBARI,GIPUZKOA,Segura,523,3,297,7,69
DAÑO,BIZKAIA,Parque Tecn. Zamudio,244,3,210,6,68
"EME, LA",BURGOS,Pesquera de Ebro,1027,7,374,5,68
URBASA,NAVARRA,Olazagutia,929,16,379,2,68
PIEDRAFITA,LEÓN,Villafranca del Bierzo,1107,13,477,3,68
ETXAURREN,ÁLAVA,Quejana,528,2,218,9,68
"VIRGEN DE GRACIA, SANTUARIO",MÁLAGA,Archidona,925,1,170,11,67
UDALA,GIPUZKOA,Arrasate/Mondragón,504,3,287,7,66
GARTEIZ,BIZKAIA,Laida,238,4,232,5,65
"BARRERILLA, LA",ÁLAVA,Orduña,642,6,367,5,65
"LEYRE, SAN SALVADOR DE",NAVARRA,Yesa,769,4,291,7,65
ALTUBE,ÁLAVA,Baranbio,622,10,354,3,65
SANTA CREU D´OLORDA,BARCELONA,Molins de Rei,433,8,397,4,65
TRABAKUA,BIZKAIA,Markina,426,7,303,4,64
"GRANJA, LA",CANTABRIA,Guriezo,378,6,364,5,64
SAN PELAYO,BIZKAIA,Bakio,301,4,294,7,64
TORQUIENDO,CANTABRIA,Oriñon,260,3,250,6,64
BERROIA,BIZKAIA,Oka,297,3,251,7,64
SAGÜERA DE LUNA,LEÓN,Mora de Luna,1295,3,285,7,63
SAN CRISTÓBAL DE ITURRETA,BIZKAIA,Markina,382,5,297,5,63
ZEBERIOGANE,BIZKAIA,Ermitabarri (Zeberio),323,1,184,10,63
ONCALA,SORIA,San Pedro Manrique-Huérteles,1481,15,401,2,63
LEKOITZ-GANE,BIZKAIA,Markina,352,3,262,7,63
CURUEÑA,LEÓN,Ariego de Arriba,1364,7,297,3,63
LUMERAS,LEÓN,Sésamo,1048,6,391,5,62
TÁRBENA,ALICANTE,Bolulla,587,7,358,5,62
ARTXANDA (BERRIZ),BIZKAIA,Sangroniz,188,1,183,10,62
SANTA OLAJA,BURGOS,El Refugio (Artziniega),585,8,360,4,62
"BREZO, SANTUARIO DEL",PALENCIA,Aviñante de la Peña,1425,3,264,7,62
ARETXABALGANE,BIZKAIA,Oñarte,328,6,276,4,61
FORTALEZA MONTE HACHO,CEUTA,Ceuta,164,1,151,11,61
CABO TIÑOSO,MURCIA,Campillo de Adentro,367,4,314,6,61
SANANTONZAR,GIPUZKOA,Berrobi,499,6,221,5,60
RIVAS DE TERESO,LA RIOJA,S. Vicente de la Sonsierra,960,9,430,4,60
CAMPO LA CRUZ,CANTABRIA,Solórzano,349,3,262,7,59
"MUÑECAS, LAS",BIZKAIA,Sopuerta,371,4,283,6,59
TORCOLLANO,CANTABRIA,Rasines,380,6,313,4,59
LEABURU,GIPUZKOA,Tolosa,288,2,211,7,58
ETXAGUEN,ÁLAVA,Aramaio,625,4,299,6,58
CERRO SAN CRISTÓBAL,CUENCA,Cuenca,1180,4,268,6,57
LUJAMENDI,ÁLAVA,Llodio,376,2,226,7,57
"BOQUERÓN, EL",ÁVILA,El Herradón de Pinares,1315,8,405,4,57
ALFORJA,TARRAGONA,les Borges del Camp,641,12,399,3,56
ALKIZA,GIPUZKOA,Anoeta,342,4,275,6,56
"ARRAIZ, FUERTE DE",BIZKAIA,Zorroza,341,5,324,5,56
GOROZIKA,BIZKAIA,Gardotza (Berriatua),239,3,232,7,55
IZPEGI,NAVARRA,Erratzu,671,8,378,4,55
GENBE,NAVARRA,Genbe,921,5,338,5,55
UNTZILLA,ÁLAVA,Gesalibar-Aramaio,481,2,202,8,55
LANZAS AGUDAS,BIZKAIA,Kontxa,407,6,243,3,55
"CARGADERO, EL",SORIA,Navaleno,1330,10,235,2,54
CASTROVIEJO,SORIA,Duruelo de la Sierra,1529,6,337,5,54
PARADILLA DE GORDÓN,LEÓN,Geras de Gordón,1249,1,155,10,54
ZUARRARRATE,NAVARRA,Irurzun,800,7,350,4,54
MUNIKETA,BIZKAIA,Arriandi/La Pilastra,380,3,259,7,52
PUERTO LOPE (VELILLOS),GRANADA,Pinos Puente,905,11,335,2,52
ISUSKIZA (ABANICO DE PLENTZIA),BIZKAIA,Urduliz,182,1,153,10,52
"RAPOSA, LA",LA RIOJA,Albelda de Iregua,647,1,137,8,51
URIGOITI,BIZKAIA,Orozko,446,8,288,3,51
"PICOTA, LA",HUELVA,río Tinto,359,3,235,7,51
GREDILLA DE SEDANO,BURGOS,Sedano,1079,9,316,3,50
SAN PEDRO DE ABRISKETA,BIZKAIA,Arrigorriaga,278,3,234,7,50
GARCÍA ALDAVE,CEUTA,"N-354 (p.k. 2,1)",290,4,285,5,50
TEIXETA,TARRAGONA,Ruidecanyes,537,11,342,3,50
HOYOMENOR,CANTABRIA,Ampuero,346,6,330,5,50
TORRE DE LOIZAGA,BIZKAIA,Sopuerta,256,2,191,8,50
SARGENTES DE LORA (LAS TRAPAS),BURGOS,San Felices,1025,9,315,3,50
NATXITUA,BIZKAIA,Ea,205,2,200,8,50
HOZ DE JACA,HUESCA,norte,1262,2,188,8,49
XODOS,CASTELLÓN,La Xaparra,1100,2,216,7,49
ANDIKONA,BIZKAIA,N-634,349,4,220,5,49
Nª Sª DE ORO,ÁLAVA,Bitoriano,819,2,215,7,48
CORRECILLAS,LEÓN,Matallana de Torío,1306,8,298,3,48
AZAZETA,ÁLAVA,Egileta,887,4,271,6,48
OSEJA,ZARAGOZA,cruce Aranda de M.-Jarque,1034,8,299,3,47
SANTO CRISTO DE GARZÓN,CANTABRIA,Solórzano (Bº La Helguera),240,1,149,8,47
ARTAUN,BIZKAIA,Dima,350,4,233,5,47
GARATE,GIPUZKOA,Getaria,245,2,216,7,47
RO,BURGOS,El Refugio (Artziniega),546,7,321,4,47
SINUÉS,HUESCA,Río Estarrún,1082,2,197,7,47
MALKUARTU,ÁLAVA,Okendo,302,2,172,6,46
BERNAGOITIA,BIZKAIA,Euba,319,3,231,6,45
GOIURIA,BIZKAIA,Iurreta,392,5,281,5,45
MONDONA,BIZKAIA,Sodupe,224,2,165,8,45
BALCÓN DE BIZKAIA,BIZKAIA,Munitibar,433,4,249,5,44
"COLLADO, EL",BURGOS,Neila,1404,3,234,6,44
AMOROTO,BIZKAIA,Oleta-Milloi,238,3,221,6,44
URKIAGA,BIZKAIA,Zeanuri,393,3,238,6,44
BECI,BIZKAIA,El Carral (Sopuerta),336,3,224,5,43
SOTILLO / HORCHE,GUADALAJARA,Guadalajara,930,8,300,3,43
BOCOS,BURGOS,Bocos,787,4,197,4,42
TORREPLAZO,GUADALAJARA,Miedes de Atienza,1371,7,291,4,42
LEZAUN,NAVARRA,Casetas de Ciriza-Lezaun,832,7,274,3,42
JATA,BIZKAIA,Asteintza-Billabaso,281,7,257,3,42
ATAGOITI,GIPUZKOA,Ormaiztegi,513,9,315,3,41
ZOLLO,BIZKAIA,Ugao-Miraballes,312,4,237,5,41
PANDOZALES,BIZKAIA,Balmaseda,316,2,165,6,41
ARLABAN,GIPUZKOA,Arrasate/Mondragón,617,7,305,4,41
MARIN,GIPUZKOA,Eskoriatza-Salinas,524,2,165,6,40
ZALDIARAN,BURGOS,Treviño,806,8,282,3,40
"HORCA, LA",BURGOS,San Pantaleón de Losa,896,5,271,5,40
MALTRANILLA,BURGOS,Maltrana,403,1,120,9,40
"ARRAY, COLLADA DE",HUESCA,Borau,1199,2,196,6,40
"ESCRITA, LA",BIZKAIA,El Callejo (Karrantza),433,6,285,4,39
UITZI,NAVARRA,Lekunberri,810,5,228,4,39
KANPAZAR,BIZKAIA,Elorrio,451,5,251,4,39
GONTZEGARAIGANE,BIZKAIA,Iruzubieta,361,5,238,4,38
SEÑA,CANTABRIA,Limpias,257,5,250,4,38
SANT PERE,CASTELLÓN,Mare de Deu de la Font,1272,4,244,5,38
CRUZ VERDE,MADRID,Zarzalejo,1256,5,243,4,38
RIGOITIA,BIZKAIA,Gernika,269,6,262,4,37
ERMIDA,OURENSE,Petín,563,9,247,2,37
VIERGOL,BURGOS,El Refugio (Artziniega),482,7,257,3,37
"TÓRDIGA, LA",CUENCA,Cuenca,1200,9,250,2,37
UDANA,GIPUZKOA,Oñati,509,6,264,3,36
VALLENÇANA,BARCELONA,Badalona,256,5,241,4,36
HUMARAN,BIZKAIA,Arenao,252,7,201,2,36
LARRANO,ÁLAVA,Llodio,299,2,171,7,36
LARRAITZ,GIPUZKOA,Zaldibia,400,5,229,4,35
"CERRO DE SAN PEDRO, EL",MADRID,Guadalix de la Sierra,1051,10,214,2,35
BASAKABI/ALTO DE EZKURRA,NAVARRA,Leitza,694,4,228,5,35
BERROCAL,HUELVA,río Tinto,299,2,174,6,35
PEDROSO,A CORUÑA,Santiago de Compostela,460,5,229,4,35
ROSALES,BURGOS,Medina de Pomar,772,3,202,4,35
ARTIETA,BURGOS,El Refugio (Artziniega),475,5,250,4,35
LOITI,NAVARRA,Liédena,725,5,220,4,35
"PEDRAJA, LA",BURGOS,Vilafranca de Montes de Oca,1150,5,225,4,35
VALBERZOSO,PALENCIA,Mata de Hoz,1228,5,225,3,35
ANIZ,NAVARRA,Oronoz-Mugaire,388,7,423,3,34
ZARIMUTZ,GIPUZKOA,Eskoriatza-Salinas,451,1,107,9,34
BEDARONA,BIZKAIA,Ea,168,2,156,7,34
GABIRIA,GIPUZKOA,Ormaiztegi,423,5,221,4,33
LOMA DE AÍSA,HUESCA,Aísa,1228,2,185,6,33
ALTZUSTA,BIZKAIA,Zeanuri,362,3,192,5,33
SAN BARTOLOMÉ-LARRANO,ÁLAVA,Llodio - Berrio,299,2,173,6,33
UNBE,BIZKAIA,Asua,221,5,217,4,32
OLVERA,CÁDIZ,Guadalporcún,602,4,197,4,32
MENOIO,ÁLAVA,Quejana,468,2,155,7,32
NAVASA,HUESCA,Jaca,1068,5,223,4,32
SANTA BÁRBARA,GIPUZKOA,Lasarte,169,2,154,6,32
GUIRGUILLANO,NAVARRA,Esténoz,733,4,218,4,31
TERZAGA (LOS SENDEROS),GUADALAJARA,Terzaga,1367,3,194,5,31
SAN MIGUEL DE LAS VICTORIAS,CUENCA,Priego,995,6,195,3,30
IGELDO,GIPUZKOA,Donostia/San Sebastián,145,1,140,7,30
CERRO DE MIRANDA,ALMERÍA,Fondón,1005,3,205,5,30
ERAÑA,GIPUZKOA,Eskoriatza,437,2,158,6,29
"CAREL, EL",BURGOS,Nava de Ordunte,450,6,220,3,29
AJO,CANTABRIA,Arnuero,169,2,145,5,29
AZTIRIA (SANTA MARINA),GIPUZKOA,Legazpia-Telleriarte,596,2,172,6,29
CABAÑAS,CÁDIZ,Olvera,531,1,131,7,28
AVELLANEDA,BIZKAIA,El Carral (Sopuerta),263,2,151,6,28
ISO,NAVARRA,Domeño,669,4,181,4,28
VENTA ALTA,BIZKAIA,La Peña (Bilbao),159,3,147,5,27
SAN COSME,BIZKAIA,Aranguren (Zalla),238,3,150,3,27
LIZUNIAGA,NAVARRA,Bera de Bidasoa,219,4,176,4,27
POZOZABALE,BIZKAIA,Berango (Cº Sustatxa),182,3,165,5,26
ARENAZA,ÁLAVA,Sabando,931,3,168,5,26
"ROYO, EL",SORIA,El Royo,1225,2,162,5,26
"VILVIESTRE, COLLADO DE",BURGOS,Vilviestre del Pinar,1269,5,193,3,26
AKORDA,BIZKAIA,Ibarrangelu,199,1,126,7,26
AREITIO,BIZKAIA,Ermua,311,2,139,5,26
GARATE (LA PALANCA),ÁLAVA,Okendo,279,3,157,4,25
LLUEVES,ASTURIAS,Cangas de Onís,207,2,139,5,25
"GALIANA, LA",SORIA,Ucero,1122,2,153,5,24
ASTOREKA,BIZKAIA,Fika,183,6,125,2,23
LAURO,BIZKAIA,Mungia,170,6,146,2,23
IBAÑETA,NAVARRA,Auritz/Burguete,1057,4,162,3,23
"HERBOSA, LA",BIZKAIA,Balmaseda,307,5,162,3,23
IRIÉPAL,GUADALAJARA,Guadalajara,970,6,240,4,22
BOLIBAR,GIPUZKOA,Eskoriatza,423,2,144,5,22
"YUSTE, MONASTERIO DE",CÁCERES,Cuacos de Yuste,648,1,112,6,21
MOJÓN PARDO,SORIA,Navaleno,1234,5,142,2,20
ZARATAMO,BIZKAIA,Arkotxa,176,3,127,3,20
SARASOLA,BIZKAIA,Artea,256,2,130,5,20
CANTONAD,BURGOS,Paradores,488,2,120,4,19
GEREKIZ,BIZKAIA,Muxika,172,3,144,4,19
MILLOI,BIZKAIA,Plazakola (Berriatua),164,3,124,4,18
ANDRAKA,BIZKAIA,Plentzia,138,3,129,3,17
MEAGA,GIPUZKOA,Zarautz,141,3,134,3,17
CIRIÓN,BURGOS,Ciella y Lorcio,494,4,119,2,16
ARTEBAKARRA,BIZKAIA,Derio,137,3,113,3,15
ARCEO,BURGOS,Paradores,462,3,95,3,15
"CRUCITAS, LAS",BADAJOZ,Salvaleón,613,2,134,4,15
ZARATE,ÁLAVA,Murgia,718,1,82,4,13
"PESO, EL",BIZKAIA,Villaverde de Trucíos,273,2,88,3,12
MIOTA,BIZKAIA,Berriz,245,3,88,2,12
GIJANO (LAS CAMPAS),BURGOS,El Berrón,316,3,116,3,12
MAZMELA,GIPUZKOA,Eskoriatza-Salinas,367,1,77,4,11
CADAGUA,BURGOS,Sopeñano,415,1,69,4,11
TARANCO,BURGOS,Paradores,427,1,60,3,9
NUMANCIA,SORIA,Garray,1076,1,56,5,9
CAMPILLO,BURGOS,Paradores,463,1,56,3,8
ÁVILA,ÁVILA,Murallas desde el Adaja,1131,1,55,4,7
GOBEO,BIZKAIA,La Herrera,166,0,40,5,6
