id,name,isin,symbol,contractSize,productType,productTypeId,tradable,category,currency,strikePrice,exchangeId,onlyEodPrices,orderTimeTypes,buyOrderTypes,sellOrderTypes,productBitTypes,closePrice,closePriceDate,feedQuality,orderBookDepth,vwdIdentifierType,vwdId,qualitySwitchable,qualitySwitchFree,vwdModuleId,issuerId
847120,KEMPEN ORANJE PART,NL0000440675,KORPT,1,FUND,13,True,D,EUR,-0.0001,200,False,['DAY'],['STANDARDAMOUNT'],['STANDARDSIZE'],[],276.27,2021-04-09,R,0.0,issueid,12202,False,False,1.0,21
7734080,ACTIAM Duurzaam Index Aandelenfonds Wereld,NL0011309349,AVIAW,1,FUND,13,True,I,EUR,,200,False,['DAY'],['STANDARDAMOUNT'],['STANDARDSIZE'],[],43.21,2021-04-09,R,0.0,issueid,600211089,False,False,1.0,74
846942,KEMPEN ORANGE FD,NL0000289627,KORAF,1,FUND,13,True,D,EUR,-0.0001,200,False,['DAY'],['STANDARDAMOUNT'],['STANDARDSIZE'],[],132.09,2021-04-09,R,0.0,issueid,12135,False,False,1.0,21
847326,KEMPEN GBL HIGH DI,NL0006089229,KGHDF,1,FUND,13,True,H,EUR,-0.0001,200,False,['DAY'],['STANDARDAMOUNT'],['STANDARDSIZE'],[],32.89,2021-04-09,R,0.0,issueid,253252,False,False,1.0,21
8458590,WP STEWART HOLDINGS FUND,LU0237484448,WPSEU,1,FUND,13,True,I,EUR,,10002,False,['DAY'],['STANDARDAMOUNT'],['STANDARDSIZE'],[],625.75,2021-04-09,R,0.0,issueid,60006156,False,False,19.0,44
1855959,ROBECO GLOBAL STARS EQUITIES FUND EUR G,NL0010366407,ROBB,1,FUND,13,True,D,EUR,,200,False,['DAY'],['STANDARDAMOUNT'],['STANDARDSIZE'],[],62.58,2021-04-09,R,0.0,issueid,522871,False,False,1.0,26
4810206,KEMPEN SUSTAINABLE,NL0010558854,KGSEF,1,FUND,13,True,D,EUR,,200,False,['DAY'],['STANDARDAMOUNT'],['STANDARDSIZE'],[],105.12,2021-04-09,R,0.0,issueid,574362,False,False,1.0,21
847028,KE EUR HIGH DIV FD,NL0000293348,KEHDF,1,FUND,13,True,D,EUR,-0.0001,200,False,['DAY'],['STANDARDAMOUNT'],['STANDARDSIZE'],[],6.76,2021-04-09,R,0.0,issueid,25844,False,False,1.0,21
4835795,ACTIAM Duurzaam Mixfonds Neutraal,NL0010579165,SNSOO,1,FUND,13,True,I,EUR,,200,False,['DAY'],['STANDARDAMOUNT'],['STANDARDSIZE'],[],27.48,2021-04-09,R,0.0,issueid,600010155,False,False,1.0,70
4835796,ACTIAM Duurzaam Mixfonds Offensief,NL0010579173,SNSOR,1,FUND,13,True,I,EUR,,200,False,['DAY'],['STANDARDAMOUNT'],['STANDARDSIZE'],[],23.56,2021-04-09,R,0.0,issueid,600010157,False,False,1.0,70
846949,ROBECO,NL0000289783,ROBA,1,FUND,13,True,D,EUR,-0.0001,200,False,['DAY'],['STANDARDAMOUNT'],['STANDARDSIZE'],[],57.34,2021-04-09,R,0.0,issueid,11787,False,False,1.0,26
1745590,HH PHOENIX FUND,NL0009864487,HHPF,1,FUND,13,True,A,EUR,,200,False,['DAY'],['STANDARDAMOUNT'],['STANDARDSIZE'],[],29.59,2021-04-09,R,0.0,issueid,249857,False,False,1.0,40
5457901,DD Equity Fund,NL0010511002,DDEF,1,FUND,13,True,I,EUR,,200,False,['DAY'],['STANDARDAMOUNT'],['STANDARDSIZE'],[],260.06,2021-04-09,R,0.0,issueid,612847,False,False,1.0,73
4803874,ROLINCO - EUR G,NL0010510798,ROLG,1,FUND,13,True,D,EUR,,200,False,['DAY'],['STANDARDAMOUNT'],['STANDARDSIZE'],[],64.93,2021-04-09,R,0.0,issueid,571128,False,False,1.0,26
4835794,ACTIAM Duurzaam Mixfonds Defensief,NL0010579157,SNSOG,1,FUND,13,True,I,EUR,,200,False,['DAY'],['STANDARDAMOUNT'],['STANDARDSIZE'],[],27.3,2021-04-09,R,0.0,issueid,600010153,False,False,1.0,70
846951,ROLINCO,NL0000289817,ROLA,1,FUND,13,True,D,EUR,-0.0001,200,False,['DAY'],['STANDARDAMOUNT'],['STANDARDSIZE'],[],60.42,2021-04-09,R,0.0,issueid,12174,False,False,1.0,26
1745588,HH VALUE FUND,NL0009864461,HHVF,1,FUND,13,True,D,EUR,,200,False,['DAY'],['STANDARDAMOUNT'],['STANDARDSIZE'],[],28.2,2021-04-09,R,0.0,issueid,61407952,False,False,1.0,40
11334338,US CONSERV HD EQ G,NL0010619748,ROBC,1,FUND,13,True,I,EUR,,200,False,['DAY'],['STANDARDAMOUNT'],['STANDARDSIZE'],[],45.75,2021-04-09,R,0.0,issueid,583259,False,False,1.0,26
4650654,HH Obligatie Fund,NL0010514204,HHOF,1,FUND,13,True,D,EUR,,200,False,['DAY'],['STANDARDAMOUNT'],['STANDARDSIZE'],[],36.65,2021-04-09,R,0.0,issueid,61447065,False,False,1.0,40
11334341,RG WOCE E G,NL0011354865,ROCO,1,FUND,13,True,I,EUR,,200,False,['DAY'],['STANDARDAMOUNT'],['STANDARDSIZE'],[],127.36,2021-04-09,R,0.0,issueid,612924,False,False,1.0,26
846974,KEMPEN PROFIEL 3,NL0000290476,LANNE,1,FUND,13,True,D,EUR,-0.0001,200,False,['DAY'],['STANDARDAMOUNT'],['STANDARDSIZE'],[],41.34,2021-04-09,R,0.0,issueid,220162,False,False,1.0,21
846897,IDB EQTY INCOME,NL0000285609,INSTV,1,FUND,13,True,D,EUR,-0.0001,200,False,['DAY'],['STANDARDAMOUNT'],['STANDARDSIZE'],[],70.23,2021-04-09,R,0.0,issueid,12077,False,False,1.0,63
1743971,LSP LIFE SCIENCES,NL0009756394,LSP,1,FUND,13,True,I,EUR,,200,False,['DAY'],['STANDARDAMOUNT'],['STANDARDSIZE'],[],262.47,2021-04-09,R,0.0,issueid,61321247,False,False,1.0,69
850556,KEMPEN EURO PROP,NL0009296649,KBEPF,1,FUND,13,True,D,EUR,-0.0001,200,False,['DAY'],['STANDARDAMOUNT'],['STANDARDSIZE'],[],17.49,2021-04-09,R,0.0,issueid,122049,False,False,1.0,21
4807897,AFRIKA FONDS-G,NL0010510822,ROBF,1,FUND,13,True,D,EUR,,200,False,['DAY'],['STANDARDAMOUNT'],['STANDARDSIZE'],[],79.39,2021-04-09,R,0.0,issueid,573597,False,False,1.0,26
4835791,ACTIAM Impact Wereld Aandelenfonds,NL0010579124,AVWA,1,FUND,13,True,D,EUR,,200,False,['DAY'],['STANDARDAMOUNT'],['STANDARDSIZE'],[],45.77,2021-04-09,R,0.0,issueid,600010159,False,False,1.0,70
848078,TCM Vietnam High Dividend Equity,NL0006489189,TCMVN,1,FUND,13,True,D,EUR,-0.0001,200,False,['DAY'],['STANDARDAMOUNT'],['STANDARDSIZE'],[],23.65,2021-04-09,R,0.0,issueid,310115,False,False,1.0,68
1815974,TCM Global Frontier High Dividend Equity,NL0010278073,INFRO,1,FUND,13,True,D,EUR,,200,False,['DAY'],['STANDARDAMOUNT'],['STANDARDSIZE'],[],11.39,2021-04-09,R,0.0,issueid,510103,False,False,1.0,68
4835792,ACTIAM Duurzaam Index Vastgoedfonds Europa,NL0010579132,SNSEV,1,FUND,13,True,H,EUR,,200,False,['DAY'],['STANDARDAMOUNT'],['STANDARDSIZE'],[],30.8,2021-04-09,R,0.0,issueid,600010149,False,False,1.0,70
4835788,ACTIAM Duurzaam Euro Obligatiefonds,NL0010579090,SNSOF,1,FUND,13,True,D,EUR,,200,False,['DAY'],['STANDARDAMOUNT'],['STANDARDSIZE'],[],19.76,2021-04-09,R,0.0,issueid,600010152,False,False,1.0,70
11334339,Robeco Customized US Large Cap Equities EUR G,NL0010831046,BOBL,1,FUND,13,True,I,EUR,,200,False,['DAY'],['STANDARDAMOUNT'],['STANDARDSIZE'],[],44.15,2021-04-09,R,0.0,issueid,612775,False,False,1.0,26
5001058,PICTET-GLOB MEGATREND SEL-I,LU0386875149,LX,1,FUND,13,True,D,EUR,,10002,False,['DAY'],['STANDARDAMOUNT'],['STANDARDSIZE'],[],378.34,2021-04-09,R,0.0,issueid,60007028,False,False,19.0,24
5004260,ROBECO-ROB GL CON TR EQ-F,LU0871827464,RGCTEFE,1,FUND,13,True,I,EUR,,10002,False,['DAY'],['STANDARDAMOUNT'],['STANDARDSIZE'],[],423.33,2021-04-09,R,0.0,issueid,60011479,False,False,19.0,26
5003385,PICTET - BIOTECH-I,LU0255977372,PFBIOTI,1,FUND,13,True,D,EUR,,10002,False,['DAY'],['STANDARDAMOUNT'],['STANDARDSIZE'],[],965.76,2021-04-09,R,0.0,issueid,60010405,False,False,19.0,24
12613314,ROBECO FINANC INST BD-CH EUR,LU0971565576,LU0971565576 EQUITY,1,FUND,13,True,F,EUR,,10002,False,['DAY'],['STANDARDAMOUNT'],['STANDARDSIZE'],[],105.32,2021-04-09,R,0.0,issueid,60011796,False,False,19.0,26
5003399,PICTET-DIGITAL COMM-I,LU0340554673,PFLDCIE,1,FUND,13,True,D,EUR,,10002,False,['DAY'],['STANDARDAMOUNT'],['STANDARDSIZE'],[],565.62,2021-04-09,R,0.0,issueid,60011444,False,False,19.0,24
5001068,PIMCO DIV INC FD-INS HGD AC,IE00B1JC0H05,ID,1,FUND,13,True,H,EUR,,10002,False,['DAY'],['STANDARDAMOUNT'],['STANDARDSIZE'],[],18.56,2021-04-09,R,0.0,issueid,60007058,False,False,19.0,25
5004262,ROBECO EMERGING STARS-F,LU0792910050,RGCEMFE,1,FUND,13,True,D,EUR,,10002,False,['DAY'],['STANDARDAMOUNT'],['STANDARDSIZE'],[],195.32,2021-04-09,R,0.0,issueid,60011478,False,False,19.0,26
5004261,ROBECO ASIA PAC EQ-F,LU0871827209,ROAPEFE,1,FUND,13,True,D,EUR,,10002,False,['DAY'],['STANDARDAMOUNT'],['STANDARDSIZE'],[],207.05,2021-04-09,R,0.0,issueid,60011474,False,False,19.0,26
5051855,PICTET-CLEAN ENERGY-PDYUSD,LU0280430744,PFLCLND,1,FUND,13,True,D,USD,,10002,False,['DAY'],['STANDARDAMOUNT'],['STANDARDSIZE'],[],160.02,2021-04-09,R,0.0,issueid,60207706,False,False,19.0,24
5001071,PIMCO-EMER LOCAL BD-INS UHG,IE00B39T3767,ID,1,FUND,13,True,D,EUR,,10002,False,['DAY'],['STANDARDAMOUNT'],['STANDARDSIZE'],[],12.88,2021-04-09,R,0.0,issueid,60012755,False,False,19.0,25
5006874,SKAGEN GLOBAL FUND-A,NO0008004009,NO,1,FUND,13,True,D,NOK,,10002,False,['DAY'],['STANDARDAMOUNT'],['STANDARDSIZE'],[],2514.101,2021-04-09,R,0.0,issueid,60193266,False,False,19.0,28
5003379,PICTET-GLB EMERG DET-HIDM,LU0788035094,PICGHIE,1,FUND,13,True,D,EUR,,10002,False,['DAY'],['STANDARDAMOUNT'],['STANDARDSIZE'],[],195.05,2021-04-08,R,0.0,issueid,60012882,False,False,19.0,24
5003380,PICTET-GB MEGATREND SEL-IUSD,LU0386856941,PFLGMSI,1,FUND,13,True,D,USD,,10002,False,['DAY'],['STANDARDAMOUNT'],['STANDARDSIZE'],[],450.23,2021-04-09,R,0.0,issueid,60012884,False,False,19.0,24
4999822,DWS INVEST GERMAN EQTYS-FC,LU0740823785,LX,1,FUND,13,True,D,EUR,,10002,False,['DAY'],['STANDARDAMOUNT'],['STANDARDSIZE'],[],243.83,2021-04-09,R,0.0,issueid,60009173,False,False,19.0,9
5001080,ROBECO LUX-O-RENTE-FH EUR,LU0792901570,RLORFHE,1,FUND,13,True,F,EUR,,10002,False,['DAY'],['STANDARDAMOUNT'],['STANDARDSIZE'],[],117.82,2021-04-09,R,0.0,issueid,60009134,False,False,19.0,26
5003028,ABERDEEN GL-ASIA SM CO-Y2A,LU0837968121,AGASY2A,1,FUND,13,True,I,EUR,,10002,False,['DAY'],['STANDARDAMOUNT'],['STANDARDSIZE'],[],15.635,2021-04-09,R,0.0,issueid,60012739,False,False,19.0,1
4974454,BGF-GBL ALLOCATION-D2 EUR,LU0523293024,LX,1,FUND,13,True,F,EUR,,10002,False,['DAY'],['STANDARDAMOUNT'],['STANDARDSIZE'],[],70.09,2021-04-09,R,0.0,issueid,60011188,False,False,19.0,4
5006875,SKAGEN KON-TIKI-A,NO0010140502,NO,1,FUND,13,True,D,NOK,,10002,False,['DAY'],['STANDARDAMOUNT'],['STANDARDSIZE'],[],1108.484,2021-04-09,R,0.0,issueid,60193267,False,False,19.0,28
4999813,CANDRIAM SUSTAINABLE EUR BD-R,BE6253583908,BB,1,FUND,13,True,D,EUR,,10002,False,['DAY'],['STANDARDAMOUNT'],['STANDARDSIZE'],[],119.16,2021-04-08,R,0.0,issueid,60011044,False,False,19.0,8
4999818,DWS TOP DIVIDENDE-FD,DE000DWS1VB9,GR,1,FUND,13,True,D,EUR,,10002,False,['DAY'],['STANDARDAMOUNT'],['STANDARDSIZE'],[],137.63,2021-04-09,R,0.0,issueid,60011038,False,False,19.0,9
5003027,ABERDEEN GL-INDIA EQTY-Y-2A,LU0837977544,LX,1,FUND,13,True,D,EUR,,10002,False,['DAY'],['STANDARDAMOUNT'],['STANDARDSIZE'],[],22.9129,2021-04-09,R,0.0,issueid,60012740,False,False,19.0,1
5003121,FRANK-TECHNOLOGY-W EURO ACC,LU0923958473,LX,1,FUND,13,True,D,EUR,,10002,False,['DAY'],['STANDARDAMOUNT'],['STANDARDSIZE'],[],58.74,2021-04-09,R,0.0,issueid,60011297,False,False,19.0,16
5041845,DWS TOP DIVIDENDE LD,DE0009848119,DWSTOPD,1,FUND,13,True,D,EUR,,10002,False,['DAY'],['STANDARDAMOUNT'],['STANDARDSIZE'],[],125.3,2021-04-09,R,0.0,issueid,60190451,False,False,19.0,9
6036163,FRANK-US OPP-W ACC EUR,LU0976564442,TUSOWAE,1,FUND,13,True,H,EUR,,10002,False,['DAY'],['STANDARDAMOUNT'],['STANDARDSIZE'],[],34.82,2021-04-09,R,0.0,issueid,60012014,False,False,19.0,16
5004227,PIMCO-EMRG MKT-INS HED ACC,IE0032568770,PIMEIEA,1,FUND,13,True,D,EUR,,10002,False,['DAY'],['STANDARDAMOUNT'],['STANDARDSIZE'],[],43.41,2021-04-09,R,0.0,issueid,60007057,False,False,19.0,25
5004939,DWS INVEST TOP EUROLAND-FC,LU0145647722,DWSTEFC,1,FUND,13,True,D,EUR,,10002,False,['DAY'],['STANDARDAMOUNT'],['STANDARDSIZE'],[],298.61,2021-04-09,R,0.0,issueid,60001124,False,False,19.0,9
5380264,ROBECO BP GLBL PREM EQT-CEUR,LU0940004830,ROGVECE,1,FUND,13,True,I,EUR,,10002,False,['DAY'],['STANDARDAMOUNT'],['STANDARDSIZE'],[],174.89,2021-04-09,R,0.0,issueid,600061369,False,False,19.0,26
16379306,BGF-WORLD TECHNOLOGY FD-D,LU0376438312,LX,1,FUND,13,True,A,EUR,,10002,False,['DAY'],['STANDARDAMOUNT'],['STANDARDSIZE'],[],73.39,2021-04-09,R,0.0,issueid,60011679,False,False,19.0,4
5003117,FRANK-BIOTECH DISC-W ACC USD,LU0976566496,LX,1,FUND,13,True,D,USD,,10002,False,['DAY'],['STANDARDAMOUNT'],['STANDARDSIZE'],[],20.59,2021-04-09,R,0.0,issueid,60012319,False,False,19.0,16
4999860,HEND HOR-ASIAN DVD IN-H2AEUR,LU0828814094,LX,1,FUND,13,True,D,EUR,,10002,False,['DAY'],['STANDARDAMOUNT'],['STANDARDSIZE'],[],15.62,2021-04-09,R,0.0,issueid,60012865,False,False,19.0,18
5003041,AMUNDI-VOL EUR EQUI-RE-C,LU0839525630,LX,1,FUND,13,True,H,EUR,,10002,False,['DAY'],['STANDARDAMOUNT'],['STANDARDSIZE'],[],88.29,2021-04-08,R,0.0,issueid,60009367,False,False,19.0,3
5004264,ROBECO CG-EUR CNSV EQ-C,LU0792910134,ROECCEU,1,FUND,13,True,D,EUR,,10002,False,['DAY'],['STANDARDAMOUNT'],['STANDARDSIZE'],[],141.55,2021-04-09,R,0.0,issueid,60009150,False,False,19.0,26
4999823,DWS INVEST II-GL GRTH-FC,LU0826453069,LX,1,FUND,13,True,D,EUR,,10002,False,['DAY'],['STANDARDAMOUNT'],['STANDARDSIZE'],[],253.97,2021-04-09,R,0.0,issueid,60010109,False,False,19.0,9
5004937,COMGEST GROWTH-GREAT EUR OPP,IE00B4ZJ4188,COMGEOP,1,FUND,13,True,H,EUR,,10002,False,['DAY'],['STANDARDAMOUNT'],['STANDARDSIZE'],[],53.99,2021-04-08,R,0.0,issueid,60000581,False,False,19.0,7
5008358,AMUNDI MMKT-SHRT TRM EUR-PVC,LU0619623951,AMSTPVC,1,FUND,13,True,F,EUR,,10002,False,['DAY'],['STANDARDAMOUNT'],['STANDARDSIZE'],[],991.7174,2021-04-09,R,0.0,issueid,60003956,False,False,19.0,3
5598721,HENDERSON HORIZ-PAN EUP-H2-A,LU0892274969,HENH2EA,1,FUND,13,True,I,EUR,,10002,False,['DAY'],['STANDARDAMOUNT'],['STANDARDSIZE'],[],51.68,2021-04-09,R,0.0,issueid,60011226,False,False,19.0,18
5225213,TROWE PRICE-US BLUE CH-Q,LU0860350494,TRPBCEQ,1,FUND,13,True,D,USD,,10002,False,['DAY'],['STANDARDAMOUNT'],['STANDARDSIZE'],[],38.62,2021-04-09,R,0.0,issueid,60041592,False,False,19.0,57
12510693,BGF-NEW ENERGY FUND-D2,LU0252964944,LX,1,FUND,13,True,D,EUR,,10002,False,['DAY'],['STANDARDAMOUNT'],['STANDARDSIZE'],[],16.16,2021-04-09,R,0.0,issueid,60008879,False,False,19.0,4
4998729,ALLIANZ CONVERTIBLE BOND-PT,LU0972998891,LX,1,FUND,13,True,D,EUR,,10002,False,['DAY'],['STANDARDAMOUNT'],['STANDARDSIZE'],[],1257.25,2021-04-09,R,0.0,issueid,60012851,False,False,19.0,2
5003355,JPMORGAN F-JAPAN EQTY-B EUR,LU0861977402,LX,1,FUND,13,True,D,EUR,,10002,False,['DAY'],['STANDARDAMOUNT'],['STANDARDSIZE'],[],206.67,2021-04-09,R,0.0,issueid,60011468,False,False,19.0,20
4998736,ALLIANZ CHINA EQUITY-P USD I,LU0348832204,LX,1,FUND,13,True,D,USD,,10002,False,['DAY'],['STANDARDAMOUNT'],['STANDARDSIZE'],[],1988.38,2021-04-09,R,0.0,issueid,60012850,False,False,19.0,2
5003036,ALLIANZ EURP EQY GRWTH-P,LU0256881474,LX,1,FUND,13,True,D,EUR,,10002,False,['DAY'],['STANDARDAMOUNT'],['STANDARDSIZE'],[],2809.9,2021-04-09,R,0.0,issueid,60011830,False,False,19.0,2
5003049,BGF-EUROPEAN FOCUS FD-D2RF,LU0368266812,LX,1,FUND,13,True,D,EUR,,10002,False,['DAY'],['STANDARDAMOUNT'],['STANDARDSIZE'],[],36.87,2021-04-09,R,0.0,issueid,60011198,False,False,19.0,4
4998716,ABERDEEN GL-EM INFR EQ-Y2AC,LU0837973634,LX,1,FUND,13,True,D,EUR,,10002,False,['DAY'],['STANDARDAMOUNT'],['STANDARDSIZE'],[],12.668,2021-04-09,R,0.0,issueid,60011624,False,False,19.0,1
5004258,ROBECO EMERGING MKT EQ-F EUR,LU0792910308,LX,1,FUND,13,True,D,EUR,,10002,False,['DAY'],['STANDARDAMOUNT'],['STANDARDSIZE'],[],195.06,2021-04-09,R,0.0,issueid,60006872,False,False,19.0,26
8730513,PARVEST EQY WRL HEALTH CR-CP,LU0823417224,BNPWHCP,1,FUND,13,True,D,EUR,,10002,False,['DAY'],['STANDARDAMOUNT'],['STANDARDSIZE'],[],276.89,2021-04-09,R,0.0,issueid,60011087,False,False,19.0,5
5003306,INVESCO PAN EUR STRUC EQ-Z E,LU0955861553,LX,1,FUND,13,True,I,EUR,,10002,False,['DAY'],['STANDARDAMOUNT'],['STANDARDSIZE'],[],15.05,2021-04-09,R,0.0,issueid,60011654,False,False,19.0,19
4999824,DWS INVEST ASIAN SMAL/MID-E2,LU0273175025,LX,1,FUND,13,True,I,USD,,10002,False,['DAY'],['STANDARDAMOUNT'],['STANDARDSIZE'],[],292.93,2021-04-09,R,0.0,issueid,60012314,False,False,19.0,9
16452613,KEMPEN - EUR HIGH DVD-AN,LU0927663491,KEURHAN,1,FUND,13,True,D,EUR,,10002,False,['DAY'],['STANDARDAMOUNT'],['STANDARDSIZE'],[],35.13,2021-04-08,R,0.0,issueid,60012626,False,False,19.0,21
5003107,FIDELITY FNDS-EU HI YD-Y AC,LU0346390270,LX,1,FUND,13,True,D,EUR,,10002,False,['DAY'],['STANDARDAMOUNT'],['STANDARDSIZE'],[],24.64,2021-04-09,R,0.0,issueid,60011761,False,False,19.0,13
4998727,ALLIANZ EURO HIGH YD-P INC,LU0482910154,LX,1,FUND,13,True,D,EUR,,10002,False,['DAY'],['STANDARDAMOUNT'],['STANDARDSIZE'],[],1071.65,2021-04-09,R,0.0,issueid,60012797,False,False,19.0,2
11175700,MORGAN ST INV F-GLB BRNDS-A,LU0119620416,MORGBRA,1,FUND,13,True,H,USD,,10002,False,['DAY'],['STANDARDAMOUNT'],['STANDARDSIZE'],[],187.91,2021-04-09,R,0.0,issueid,60147431,False,False,19.0,38
4999832,FIDELITY-GLOBL DIVIDEND-YA,LU0605515880,FFGDYAE,1,FUND,13,True,D,EUR,,10002,False,['DAY'],['STANDARDAMOUNT'],['STANDARDSIZE'],[],25.91,2021-04-09,R,0.0,issueid,60012745,False,False,19.0,13
4999810,COMGEST GROWTH AS X JPN-US-I,IE00B5MQDC34,ID,1,FUND,13,True,D,USD,,10002,False,['DAY'],['STANDARDAMOUNT'],['STANDARDSIZE'],[],30.73,2021-04-08,R,0.0,issueid,60006424,False,False,19.0,7
8357569,JPM FUNDS-GLO HEALTHCARE-C A,LU0432979887,JPHLUCA,1,FUND,13,True,I,USD,,10002,False,['DAY'],['STANDARDAMOUNT'],['STANDARDSIZE'],[],553.38,2021-04-09,R,0.0,issueid,60000393,False,False,19.0,20
4998721,ABERDEEN GL-ASIA PAC E-X2-AC,LU0837965291,LX,1,FUND,13,True,D,USD,,10002,False,['DAY'],['STANDARDAMOUNT'],['STANDARDSIZE'],[],17.7845,2021-04-09,R,0.0,issueid,60011144,False,False,19.0,1
5112490,HSBC GIF-GL EMERG MKT EQY-AD,LU0054450605,HSBIEMI,1,FUND,13,True,D,USD,,10002,False,['DAY'],['STANDARDAMOUNT'],['STANDARDSIZE'],[],21.573,2021-04-09,R,0.0,issueid,60004414,False,False,19.0,43
5003029,ABERDEEN GL-WORLD EQTY-X-2A,LU0837985646,LX,1,FUND,13,True,D,USD,,10002,False,['DAY'],['STANDARDAMOUNT'],['STANDARDSIZE'],[],17.3712,2021-04-09,R,0.0,issueid,60011623,False,False,19.0,1
5855644,FIDELITY FDS-S E ASIA-Y EUR,LU0951203347,FFSOYEI,1,FUND,13,True,I,EUR,,10002,False,['DAY'],['STANDARDAMOUNT'],['STANDARDSIZE'],[],23.22,2021-04-09,,,,,,,,13
5004231,PGIS-DIVERSIFIED INCOME-IHA,IE00B3W9BG81,PGIIEHA,1,FUND,13,True,D,EUR,,10002,False,['DAY'],['STANDARDAMOUNT'],['STANDARDSIZE'],[],13.5,2021-04-08,R,0.0,issueid,60012017,False,False,19.0,25
5004242,PIMCO GIS-CAPITAL SEC-EH,IE00B6VHBN16,PIMINSE,1,FUND,13,True,D,EUR,,10002,False,['DAY'],['STANDARDAMOUNT'],['STANDARDSIZE'],[],15.36,2021-04-09,R,0.0,issueid,60012775,False,False,19.0,25
4998717,ABERDEEN GL-EUROPEAN EQ-X2A,LU0837975928,LX,1,FUND,13,True,D,EUR,,10002,False,['DAY'],['STANDARDAMOUNT'],['STANDARDSIZE'],[],20.5153,2021-04-09,R,0.0,issueid,60012451,False,False,19.0,1
4999827,EAST CAPITAL RUSSIAN FD-R,LU0861992385,ECRFFAE,1,FUND,13,True,D,EUR,,10002,False,['DAY'],['STANDARDAMOUNT'],['STANDARDSIZE'],[],12.8212,2021-04-09,R,0.0,issueid,60008006,False,False,19.0,10
5004256,ROBECO EMERGING CONS EQTS-C,LU0792910217,REMCECE,1,FUND,13,True,I,EUR,,10002,False,['DAY'],['STANDARDAMOUNT'],['STANDARDSIZE'],[],98.77,2021-04-09,R,0.0,issueid,60007384,False,False,19.0,26
5004234,PIMCO-HI YIELD BD-INSHEDACC,IE0032883534,PIMHYIU,1,FUND,13,True,D,EUR,,10002,False,['DAY'],['STANDARDAMOUNT'],['STANDARDSIZE'],[],31.03,2021-04-09,R,0.0,issueid,60012522,False,False,19.0,25
4998723,ABERDEEN GL-INDIA EQTY-X-2A,LU0837977205,LX,1,FUND,13,True,D,USD,,10002,False,['DAY'],['STANDARDAMOUNT'],['STANDARDSIZE'],[],20.8643,2021-04-09,R,0.0,issueid,60012453,False,False,19.0,1
8823281,PARVEST AQUA-PRIV EUR,LU1165135879,PAQUAPR,1,FUND,13,True,D,EUR,,10002,False,['DAY'],['STANDARDAMOUNT'],['STANDARDSIZE'],[],279.03,2021-04-09,,,,,,,,5
5004938,COMGEST GROWTH MID CAPS EURP,IE0004766014,COMGMCA,1,FUND,13,True,D,EUR,,10002,False,['DAY'],['STANDARDAMOUNT'],['STANDARDSIZE'],[],46.68,2021-04-08,R,0.0,issueid,60157882,False,False,19.0,7
5004250,PIMCO COMMODITIES+ STRAT-IA,IE00B5BJ5943,PCPSIEA,1,FUND,13,True,D,EUR,,10002,False,['DAY'],['STANDARDAMOUNT'],['STANDARDSIZE'],[],7.24,2021-04-09,R,0.0,issueid,60012751,False,False,19.0,25
12568486,DEUTSCHE INV GL INFRASTRC-FC,LU0329760937,LU0329760937 EQUITY,1,FUND,13,True,H,EUR,,10002,False,['DAY'],['STANDARDAMOUNT'],['STANDARDSIZE'],[],184.36,2021-04-09,R,0.0,issueid,60011123,False,False,19.0,9
5003098,DWS INVEST CHINA BONDS-E2,LU0616856778,LX,1,FUND,13,True,D,USD,,10002,False,['DAY'],['STANDARDAMOUNT'],['STANDARDSIZE'],[],136.67,2021-04-09,R,0.0,issueid,60009184,False,False,19.0,9
4999828,EAST CAP-EST EURO-R EUR,LU0861997004,LX,1,FUND,13,True,D,EUR,,10002,False,['DAY'],['STANDARDAMOUNT'],['STANDARDSIZE'],[],10.4807,2021-04-09,R,0.0,issueid,60008007,False,False,19.0,10
5045011,FRANK-INDIA-A ACC,LU0231205187,FRAINAE,1,FUND,13,True,D,EUR,,10002,False,['DAY'],['STANDARDAMOUNT'],['STANDARDSIZE'],[],46.22,2021-04-09,R,0.0,issueid,60193082,False,False,19.0,16
5003067,BGF-ASIAN TIGER BOND-D2H EUR,LU0969580132,LX,1,FUND,13,True,D,EUR,,10002,False,['DAY'],['STANDARDAMOUNT'],['STANDARDSIZE'],[],13.04,2021-04-08,R,0.0,issueid,60012804,False,False,19.0,4
4999848,FRANK-US OPP-W USD ACC,LU0792612466,LX,1,FUND,13,True,D,USD,,10002,False,['DAY'],['STANDARDAMOUNT'],['STANDARDSIZE'],[],40.89,2021-04-09,R,0.0,issueid,60012013,False,False,19.0,16
5225212,TROWE PRICE-US LG CP GR-Q,LU0860350577,TRPLGEQ,1,FUND,13,True,D,USD,,10002,False,['DAY'],['STANDARDAMOUNT'],['STANDARDSIZE'],[],46.15,2021-04-09,R,0.0,issueid,60041593,False,False,19.0,57
5003064,BLACKROCK CHINA FD-D2 EUR HD,LU0359204129,LX,1,FUND,13,True,D,EUR,,10002,False,['DAY'],['STANDARDAMOUNT'],['STANDARDSIZE'],[],25.94,2021-04-09,R,0.0,issueid,60012805,False,False,19.0,4
5004272,SCHRODER INTL EMER ASIA-ZA,LU0966865445,SCHEAZA,1,FUND,13,True,D,EUR,,10002,False,['DAY'],['STANDARDAMOUNT'],['STANDARDSIZE'],[],58.4852,2021-04-09,R,0.0,issueid,60012898,False,False,19.0,27
5003090,DEXIA EQUITIES L-BIOTECHN-R,LU0942225912,LX,1,FUND,13,True,D,USD,,10002,False,['DAY'],['STANDARDAMOUNT'],['STANDARDSIZE'],[],234.04,2021-04-09,R,0.0,issueid,60011934,False,False,19.0,8
5001069,PIMCO GIS-GL HI YD- H IS AC,IE00B2R34Y72,ID,1,FUND,13,True,F,EUR,,10002,False,['DAY'],['STANDARDAMOUNT'],['STANDARDSIZE'],[],24.83,2021-04-09,R,0.0,issueid,610199145,False,False,19.0,25
4998737,AMUNDI-BOND EUR HG YIELD-REC,LU0839530630,LX,1,FUND,13,True,F,EUR,,10002,False,['DAY'],['STANDARDAMOUNT'],['STANDARDSIZE'],[],131.8,2021-04-09,R,0.0,issueid,60011422,False,False,19.0,3
4998724,ABERDEEN GL-LATIN AM EQ-X2AC,LU0837979243,LX,1,FUND,13,True,D,USD,,10002,False,['DAY'],['STANDARDAMOUNT'],['STANDARDSIZE'],[],8.5771,2021-04-09,R,0.0,issueid,60012456,False,False,19.0,1
5804295,HENDERSON HOR-G PRO EQ-H2EUR,LU0892275263,HENH2EU,1,FUND,13,True,D,EUR,,10002,False,['DAY'],['STANDARDAMOUNT'],['STANDARDSIZE'],[],20.67,2021-04-09,R,0.0,issueid,60012170,False,False,19.0,18
4999808,COMGEST GROWTH GEM PC-USDCAP,IE00B62TFX49,ID,1,FUND,13,True,D,USD,,10002,False,['DAY'],['STANDARDAMOUNT'],['STANDARDSIZE'],[],15.45,2021-04-08,R,0.0,issueid,60012817,False,False,19.0,7
5045016,FIRST EAGLE-AMUNDI INTL-AHEC,LU0433182416,SOCINAH,1,FUND,13,True,D,EUR,,10002,False,['DAY'],['STANDARDAMOUNT'],['STANDARDSIZE'],[],184.63,2021-04-09,R,0.0,issueid,60004172,False,False,19.0,3
5004911,SCHRODER ISF-GL EQ YLD-ZA,LU0966867060,SCHEYZA,1,FUND,13,True,D,EUR,,10002,False,['DAY'],['STANDARDAMOUNT'],['STANDARDSIZE'],[],200.9921,2021-04-09,R,0.0,issueid,60012901,False,False,19.0,27
5003059,BGF-GBL DYNAMIC EQUITY-D2,LU0827880856,LX,1,FUND,13,True,D,EUR,,10002,False,['DAY'],['STANDARDAMOUNT'],['STANDARDSIZE'],[],27.86,2021-04-09,R,0.0,issueid,60011672,False,False,19.0,4
5003066,BGF-JAPAN S/M CAP OPPOR-D2,LU0252965594,LX,1,FUND,13,True,D,EUR,,10002,False,['DAY'],['STANDARDAMOUNT'],['STANDARDSIZE'],[],76.46,2021-04-09,R,0.0,issueid,60011189,False,False,19.0,4
5008359,PARVEST BOND WORLD EME-CEC,LU0823385272,FORBCEC,1,FUND,13,True,D,EUR,,10002,False,['DAY'],['STANDARDAMOUNT'],['STANDARDSIZE'],[],96.22,2021-04-09,R,0.0,issueid,60009820,False,False,19.0,5
5003323,JPMORGAN-ASIA INC-B-AC USD,LU0129499017,LX,1,FUND,13,True,D,USD,,10002,False,['DAY'],['STANDARDAMOUNT'],['STANDARDSIZE'],[],20.44,2021-04-09,R,0.0,issueid,60008769,False,False,19.0,20
4999844,FRANK TEMP INV GL BD-WAC EUR,LU0889564604,LX,1,FUND,13,True,H,EUR,,10002,False,['DAY'],['STANDARDAMOUNT'],['STANDARDSIZE'],[],11.23,2021-04-09,R,0.0,issueid,60011722,False,False,19.0,16
5105259,AXA ROSENBERG US EQTY ALP-B,IE0031069275,ID,1,FUND,13,True,H,EUR,,10002,False,['DAY'],['STANDARDAMOUNT'],['STANDARDSIZE'],[],28.01,2021-04-08,R,0.0,issueid,60168604,False,False,19.0,34
5003369,GLG JAPAN COREALPHA-I EUR,IE00B45R5B91,GLJCAIE,1,FUND,13,True,D,EUR,,10002,False,['DAY'],['STANDARDAMOUNT'],['STANDARDSIZE'],[],201.4,2021-04-09,R,0.0,issueid,60011983,False,False,19.0,22
5006325,Henderson Pan European Smaller Companies Fund,LU0995140356,,1,FUND,13,True,H,EUR,,10002,False,['DAY'],['STANDARDAMOUNT'],['STANDARDSIZE'],[],11.9059,2021-04-08,R,0.0,issueid,60012093,False,False,19.0,18
5003050,BLACKROCK GL-GL EQ INC-D2H,LU0827881409,LX,1,FUND,13,True,D,EUR,,10002,False,['DAY'],['STANDARDAMOUNT'],['STANDARDSIZE'],[],18.08,2021-04-09,R,0.0,issueid,60012808,False,False,19.0,4
5004232,PIMCO GIS GL MULTI-ASST-HA,IE00B639QZ24,PGMAEHA,1,FUND,13,True,D,EUR,,10002,False,['DAY'],['STANDARDAMOUNT'],['STANDARDSIZE'],[],20.01,2021-04-09,R,0.0,issueid,60012787,False,False,19.0,25
5004228,PIMCO GIS-INCOME FUND-INSHA,IE00B80G9288,PINIEHA,1,FUND,13,True,F,EUR,,10002,False,['DAY'],['STANDARDAMOUNT'],['STANDARDSIZE'],[],14.84,2021-04-09,R,0.0,issueid,60012789,False,False,19.0,25
5001078,ROBECO EURO GOVNMT BD-CH,LU0620638824,LX,1,FUND,13,True,D,EUR,,10002,False,['DAY'],['STANDARDAMOUNT'],['STANDARDSIZE'],[],113.97,2021-04-09,R,0.0,issueid,60004658,False,False,19.0,26
5074947,BNY MELLON GL-EURLD BND-EURA,IE0032722260,ID,1,FUND,13,True,F,EUR,,10002,False,['DAY'],['STANDARDAMOUNT'],['STANDARDSIZE'],[],2.0354,2021-04-08,R,0.0,issueid,60190916,False,False,19.0,51
5001076,PIMCO GIS-INCOME FUND-INS AC,IE00B87KCF77,ID,1,FUND,13,True,D,USD,,10002,False,['DAY'],['STANDARDAMOUNT'],['STANDARDSIZE'],[],16.73,2021-04-09,R,0.0,issueid,60012788,False,False,19.0,25
4999846,FRANK-EUROPEAN GRWTH-WA EUR,LU0959059279,LX,1,FUND,13,True,D,EUR,,10002,False,['DAY'],['STANDARDAMOUNT'],['STANDARDSIZE'],[],10.76,2021-04-09,R,0.0,issueid,60011182,False,False,19.0,16
5003116,FRANK TP ASIA GR-W-ACC-EUR,LU0871812789,LX,1,FUND,13,True,D,EUR,,10002,False,['DAY'],['STANDARDAMOUNT'],['STANDARDSIZE'],[],16.66,2021-04-09,R,0.0,issueid,60011767,False,False,19.0,16
5003039,ALLIANZ ORIENT INCOME-P,LU0348786921,LX,1,FUND,13,True,D,USD,,10002,False,['DAY'],['STANDARDAMOUNT'],['STANDARDSIZE'],[],240.62,2021-04-09,R,0.0,issueid,60012801,False,False,19.0,2
5041843,JPMORGAN F-GLB NAT RE-A EUR,LU0208853274,FLEGNRE,1,FUND,13,True,D,EUR,,10002,False,['DAY'],['STANDARDAMOUNT'],['STANDARDSIZE'],[],15.01,2021-04-09,R,0.0,issueid,60189468,False,False,19.0,20
5004265,SCHRODER INTL EURO COR-Z EUR,LU0968427160,SECBZEA,1,FUND,13,True,D,EUR,,10002,False,['DAY'],['STANDARDAMOUNT'],['STANDARDSIZE'],[],27.2311,2021-04-09,R,0.0,issueid,60012140,False,False,19.0,27
4999851,GOLDMAN SACHS EUROP COR E-RA,LU0830625769,LX,1,FUND,13,True,D,EUR,,10002,False,['DAY'],['STANDARDAMOUNT'],['STANDARDSIZE'],[],22.15,2021-04-09,R,0.0,issueid,60012845,False,False,19.0,17
5225215,T. ROWE PRICE-GL HY BOND-Q,LU0860350221,TRPGHBQ,1,FUND,13,True,D,USD,,10002,False,['DAY'],['STANDARDAMOUNT'],['STANDARDSIZE'],[],15.2,2021-04-09,R,0.0,issueid,60041591,False,False,19.0,57
5003065,BGF-EMERGING MARKETS FD-D2,LU0252967376,LX,1,FUND,13,True,D,EUR,,10002,False,['DAY'],['STANDARDAMOUNT'],['STANDARDSIZE'],[],50.15,2021-04-09,R,0.0,issueid,60011187,False,False,19.0,4
4999817,CANDRIAM SUSTAIN NTH AMERICA-R,BE6253606162,BB,1,FUND,13,True,D,USD,,10002,False,['DAY'],['STANDARDAMOUNT'],['STANDARDSIZE'],[],204.76,2021-04-08,R,0.0,issueid,60011129,False,False,19.0,8
4998722,ABERDEEN GL-ASIA SM CO-X2A,LU0837967826,LX,1,FUND,13,True,D,USD,,10002,False,['DAY'],['STANDARDAMOUNT'],['STANDARDSIZE'],[],14.2285,2021-04-09,R,0.0,issueid,60011136,False,False,19.0,1
13389838,CARMIGNAC GLB BOND-F EU ACC,LU0992630599,CARGBFE,1,FUND,13,True,D,EUR,,10002,False,['DAY'],['STANDARDAMOUNT'],['STANDARDSIZE'],[],142.38,2021-04-08,R,0.0,issueid,60012815,False,False,19.0,6
5225218,T ROWE PRICE-US SMCO E-QUSD,LU0929966207,TRPUSCQ,1,FUND,13,True,D,USD,,10002,False,['DAY'],['STANDARDAMOUNT'],['STANDARDSIZE'],[],32.49,2021-04-09,R,0.0,issueid,60040153,False,False,19.0,57
5003056,BGF-EMERGING MARKETS BD-D2,LU0827877043,LX,1,FUND,13,True,D,EUR,,10002,False,['DAY'],['STANDARDAMOUNT'],['STANDARDSIZE'],[],17.91,2021-04-08,R,0.0,issueid,60011197,False,False,19.0,4
5225217,T ROWE PRICE-ASIAN EX JPN-Q,LU0860350064,TRPAXJQ,1,FUND,13,True,D,USD,,10002,False,['DAY'],['STANDARDAMOUNT'],['STANDARDSIZE'],[],20.86,2021-04-09,R,0.0,issueid,60041589,False,False,19.0,57
5003108,FIDELITY FUND-CHINA FO-Y EUR,LU0936575868,LX,1,FUND,13,True,D,EUR,,10002,False,['DAY'],['STANDARDAMOUNT'],['STANDARDSIZE'],[],21.62,2021-04-09,R,0.0,issueid,60011749,False,False,19.0,13
5004943,ECHIQUIER MAJOR,FR0010321828,ECHMAJR,1,FUND,13,True,D,EUR,,10002,False,['DAY'],['STANDARDAMOUNT'],['STANDARDSIZE'],[],328.29,2021-04-08,R,0.0,issueid,60193055,False,False,19.0,14
5001081,SCHRODER ISF EM DBT A R-CAC,LU0177222394,LX,1,FUND,13,True,D,EUR,,10002,False,['DAY'],['STANDARDAMOUNT'],['STANDARDSIZE'],[],30.6115,2021-04-09,R,0.0,issueid,60002363,False,False,19.0,27
5003289,GOLDMAN SACHS US EQ P-RA EUR,LU0858291221,LX,1,FUND,13,True,D,EUR,,10002,False,['DAY'],['STANDARDAMOUNT'],['STANDARDSIZE'],[],30.38,2021-04-09,R,0.0,issueid,60009413,False,False,19.0,17
4998719,ABERDEEN GL-WORLD EQTY-Y-2A,LU0837985992,LX,1,FUND,13,True,D,EUR,,10002,False,['DAY'],['STANDARDAMOUNT'],['STANDARDSIZE'],[],19.0757,2021-04-09,R,0.0,issueid,60011140,False,False,19.0,1
5003069,BLACKROCK GL-EU EQ INC-D2,LU0579997130,LX,1,FUND,13,True,D,EUR,,10002,False,['DAY'],['STANDARDAMOUNT'],['STANDARDSIZE'],[],24.6,2021-04-09,R,0.0,issueid,60012807,False,False,19.0,4
5003051,BGF-LATIN AMERICAN-D2,LU0252965164,LX,1,FUND,13,True,D,EUR,,10002,False,['DAY'],['STANDARDAMOUNT'],['STANDARDSIZE'],[],57.44,2021-04-09,R,0.0,issueid,60011190,False,False,19.0,4
5013417,BlackRock Institutional Cash Series Euro Ultra Short Bond,IE00B1B82251,MLICPAE,1,FUND,13,True,I,EUR,,10002,False,['DAY'],['STANDARDAMOUNT'],['STANDARDSIZE'],[],112.0577,2021-04-08,R,0.0,issueid,60000019,False,False,19.0,4
5003111,FIDELITY-EURO BALANCED-Y AC,LU0346389934,LX,1,FUND,13,True,D,EUR,,10002,False,['DAY'],['STANDARDAMOUNT'],['STANDARDSIZE'],[],18.66,2021-04-09,R,0.0,issueid,60011152,False,False,19.0,13
8589384,VANGUARD-EUROZ IN LK IND-INV,IE00B04GQQ17,VANEZIV ID EQUITY,1,FUND,13,True,F,EUR,,10002,False,['DAY'],['STANDARDAMOUNT'],['STANDARDSIZE'],[],156.0902,2021-04-09,R,0.0,issueid,610198707,False,False,19.0,33
5225211,T. ROWE PRICE-EUROPEAN EQU-Q,LU0983346296,TRPEEQE,1,FUND,13,True,D,EUR,,10002,False,['DAY'],['STANDARDAMOUNT'],['STANDARDSIZE'],[],17.26,2021-04-09,R,0.0,issueid,60040938,False,False,19.0,57
5003058,BGF-EUROPEAN SPEC SIT-D2E,LU0252965834,LX,1,FUND,13,True,D,EUR,,10002,False,['DAY'],['STANDARDAMOUNT'],['STANDARDSIZE'],[],64.86,2021-04-09,R,0.0,issueid,60003077,False,False,19.0,4
5004912,SCHRODER INTL GLOBAL EN-ZA,LU0969110849,SCHGEZA,1,FUND,13,True,D,EUR,,10002,False,['DAY'],['STANDARDAMOUNT'],['STANDARDSIZE'],[],9.9844,2021-04-09,R,0.0,issueid,60012546,False,False,19.0,27
5045012,FIDELITY FUND-INDIA FO-Y EUR,LU0936579852,FFINFYE,1,FUND,13,True,D,EUR,,10002,False,['DAY'],['STANDARDAMOUNT'],['STANDARDSIZE'],[],28.91,2021-04-08,R,0.0,issueid,60011713,False,False,19.0,13
6052405,FIDELITY FDS-EURO GROW-Y EUR,LU0936577302,FFEUYEU,1,FUND,13,True,H,EUR,,10002,False,['DAY'],['STANDARDAMOUNT'],['STANDARDSIZE'],[],14.7,2021-04-09,,,,,,,,13
5003047,BGF-USD HIGH YLD BD HED-D2,LU0532707519,LX,1,FUND,13,True,D,EUR,,10002,False,['DAY'],['STANDARDAMOUNT'],['STANDARDSIZE'],[],240.11,2021-04-09,R,0.0,issueid,60012307,False,False,19.0,4
5003071,BGF-GOBAL SMALLCAP FUND-D,LU0376433602,LX,1,FUND,13,True,D,EUR,,10002,False,['DAY'],['STANDARDAMOUNT'],['STANDARDSIZE'],[],127.69,2021-04-09,R,0.0,issueid,60009491,False,False,19.0,4
4998758,BGF-WORLD AGRICULTURE-D2,LU0496654400,LX,1,FUND,13,True,D,EUR,,10002,False,['DAY'],['STANDARDAMOUNT'],['STANDARDSIZE'],[],16.53,2021-04-09,R,0.0,issueid,60010829,False,False,19.0,4
5003290,GS GROWTH & EMMKT D-RA USD,LU0830653209,LX,1,FUND,13,True,D,USD,,10002,False,['DAY'],['STANDARDAMOUNT'],['STANDARDSIZE'],[],13.43,2021-04-09,R,0.0,issueid,60011776,False,False,19.0,17
5004237,PIMCO GIS-CRED ABS RET-IUSDA,IE00B3N0PT13,PIMCIUA,1,FUND,13,True,D,USD,,10002,False,['DAY'],['STANDARDAMOUNT'],['STANDARDSIZE'],[],14.03,2021-04-02,R,0.0,issueid,60012752,False,False,19.0,25
4998765,BGF FIXED INC GBL OP-D2 EUR,LU1005243503,LX,1,FUND,13,True,D,EUR,,10002,False,['DAY'],['STANDARDAMOUNT'],['STANDARDSIZE'],[],13.72,2021-04-09,R,0.0,issueid,60012744,False,False,19.0,4
13177729,ROBECO CHINESE EQUIT-DE,LU0187077309,ROCHINE,1,FUND,13,True,H,EUR,,10002,False,['DAY'],['STANDARDAMOUNT'],['STANDARDSIZE'],[],156.75,2021-04-09,,,,,,,,26
5004246,PIMCO GIS GLOBAL ADVANTAGE,IE00B3R5WS03,PIMGADV,1,FUND,13,True,D,USD,,10002,False,['DAY'],['STANDARDAMOUNT'],['STANDARDSIZE'],[],15.39,2021-04-09,R,0.0,issueid,60012783,False,False,19.0,25
5003096,DWS INVEST CONVERTIBLES-E2,LU0273179522,LX,1,FUND,13,True,D,USD,,10002,False,['DAY'],['STANDARDAMOUNT'],['STANDARDSIZE'],[],240.35,2021-04-09,R,0.0,issueid,60009258,False,False,19.0,9
5003040,AMUNDI-BD GL AGGREGT-RUD,LU0839534970,LX,1,FUND,13,True,F,USD,,10002,False,['DAY'],['STANDARDAMOUNT'],['STANDARDSIZE'],[],113.88,2021-04-09,R,0.0,issueid,60011282,False,False,19.0,3
847546,NN DZ AAND FD,NL0006311789,INGDZ,1,FUND,13,True,D,EUR,-0.0001,200,False,['DAY'],['STANDARDAMOUNT'],['STANDARDSIZE'],[],55.66,2021-04-09,R,0.0,issueid,109951,False,False,1.0,50
846962,T&P ALLEGRETTO FD,NL0000290088,TP,1,FUND,13,True,D,EUR,-0.0001,200,False,['DAY'],['STANDARDAMOUNT'],['STANDARDSIZE'],[],,,R,0.0,issueid,106342,False,False,1.0,65
846973,KEMPEN PROFIEL 2,NL0000290468,LANDE,1,FUND,13,True,D,EUR,-0.0001,200,False,['DAY'],['STANDARDAMOUNT'],['STANDARDSIZE'],[],39.2,2021-04-09,R,0.0,issueid,220161,False,False,1.0,21
5001091,THREAD FOCUS-CRED OPP-IGA,GB00B3D8PZ13,LN,1,FUND,13,True,D,EUR,,10002,False,['DAY'],['STANDARDAMOUNT'],['STANDARDSIZE'],[],1.3476,2018-11-09,R,0.0,issueid,60012333,False,False,19.0,29
5003296,GOLD SACHS GL CREDIT HED-R A,LU0830642939,LX,1,FUND,13,True,D,USD,,10002,False,['DAY'],['STANDARDAMOUNT'],['STANDARDSIZE'],[],14.68,2021-04-09,R,0.0,issueid,60012762,False,False,19.0,17
5003387,PICTET-SHORT TRM MMKT -I,LU0128494944,LX,1,FUND,13,True,D,EUR,,10002,False,['DAY'],['STANDARDAMOUNT'],['STANDARDSIZE'],[],138.16,2020-02-28,R,0.0,issueid,60006254,False,False,19.0,24
5043668,PARVEST BOND WORLD EME-PRIV,LU0823387138,BNPWCHP,1,FUND,13,True,F,USD,,10002,False,['DAY'],['STANDARDAMOUNT'],['STANDARDSIZE'],[],82.84,2019-12-31,R,0.0,issueid,60009827,False,False,19.0,5
5028103,ING L RENTA-EM MK DB HC-NH I,LU0800560442,IEMDNHI,1,FUND,13,True,D,EUR,,10002,False,['DAY'],['STANDARDAMOUNT'],['STANDARDSIZE'],[],933.64,2021-04-09,R,0.0,issueid,60011959,False,False,19.0,36
5004249,PIMCO GIS-EURO CREDIT-INS AC,IE00B2NSVP60,PIMEUBD,1,FUND,13,True,D,EUR,,10002,False,['DAY'],['STANDARDAMOUNT'],['STANDARDSIZE'],[],17.16,2021-04-09,R,0.0,issueid,60012780,False,False,19.0,25
5003099,DWS INVEST GLBAL AGRIBUSN-E2,LU0273177401,LX,1,FUND,13,True,D,USD,,10002,False,['DAY'],['STANDARDAMOUNT'],['STANDARDSIZE'],[],182.26,2021-04-09,R,0.0,issueid,60008318,False,False,19.0,9
5003043,AMUNDI-EQUITY LAT AMER-RU-D,LU0823047112,LX,1,FUND,13,True,A,USD,,10002,False,['DAY'],['STANDARDAMOUNT'],['STANDARDSIZE'],[],79.65,2021-04-09,R,0.0,issueid,60012472,False,False,19.0,3
847554,NN LION FD,NL0006311862,NNLF,1,FUND,13,True,D,EUR,-0.0001,200,False,['DAY'],['STANDARDAMOUNT'],['STANDARDSIZE'],[],34.91,2021-04-09,R,0.0,issueid,12139,False,False,1.0,50
5004941,AGRESSOR,FR0010321802,ECHAGRE,1,FUND,13,True,D,EUR,,10002,False,['DAY'],['STANDARDAMOUNT'],['STANDARDSIZE'],[],1666.16,2021-04-08,R,0.0,issueid,60192604,False,False,19.0,14
846976,KEMPEN PROFIEL 5,NL0000290492,LANOF,1,FUND,13,True,D,EUR,-0.0001,200,False,['DAY'],['STANDARDAMOUNT'],['STANDARDSIZE'],[],44.2,2021-04-09,R,0.0,issueid,220164,False,False,1.0,21
5008347,AXA ROSENBERG-GL EM MK EQ B€,IE00B101K104,ID,1,FUND,13,True,D,EUR,,10002,False,['DAY'],['STANDARDAMOUNT'],['STANDARDSIZE'],[],20.81,2021-04-08,R,0.0,issueid,60192674,False,False,19.0,34
5003300,GOLDMAN SACHS-STERL CRE-RA,LU0830685409,LX,1,FUND,13,True,D,GBP,,10002,False,['DAY'],['STANDARDAMOUNT'],['STANDARDSIZE'],[],151.98,2021-04-09,R,0.0,issueid,60012766,False,False,19.0,17
8730512,PARVEST EQ WRLD LOW VOL-PRVE,LU0823418545,BNPWLPE,1,FUND,13,True,D,EUR,,10002,False,['DAY'],['STANDARDAMOUNT'],['STANDARDSIZE'],[],240.02,2021-04-09,,,,,,,,5
5008354,LO FUNDS-EURO INF LNK FD-PA,LU0455375526,LIINFPA,1,FUND,13,True,D,EUR,,10002,False,['DAY'],['STANDARDAMOUNT'],['STANDARDSIZE'],[],12.6486,2021-04-08,R,0.0,issueid,60003212,False,False,19.0,37
5004252,PIMCO GIS ENG MARKT CRR-IUH,IE00B39T3650,PIMDMEH,1,FUND,13,True,D,EUR,,10002,False,['DAY'],['STANDARDAMOUNT'],['STANDARDSIZE'],[],13.92,2019-11-18,R,0.0,issueid,60012776,False,False,19.0,25
5460671,AMUNDI-EQUITY INDIA-AUC,LU0236501697,CAINDCC,1,FUND,13,True,I,USD,,10002,False,['DAY'],['STANDARDAMOUNT'],['STANDARDSIZE'],[],304.09,2021-04-09,R,0.0,issueid,60191511,False,False,19.0,3
5001083,SCHRODER-QEP GL EMRG MKT-ZA,LU0969111813,LX,1,FUND,13,True,D,GBP,,10002,False,['DAY'],['STANDARDAMOUNT'],['STANDARDSIZE'],[],170.6606,2021-04-09,R,0.0,issueid,60012904,False,False,19.0,27
5003073,BGF-UNITED KINGDOM FUND-D2,LU0679964535,LX,1,FUND,13,True,D,EUR,,10002,False,['DAY'],['STANDARDAMOUNT'],['STANDARDSIZE'],[],164.95,2021-04-09,R,0.0,issueid,60012300,False,False,19.0,4
847011,DELTA LLOYD SLD FD,NL0000292746,DLSDF,1,FUND,13,True,D,EUR,-0.0001,200,False,['DAY'],['STANDARDAMOUNT'],['STANDARDSIZE'],[],15.2,2021-04-09,R,0.0,issueid,213551,False,False,1.0,35
5145380,GS LIB HARB OPP COR B-RHA EU,LU0858295560,GSLHREA,1,FUND,13,True,D,EUR,,10002,False,['DAY'],['STANDARDAMOUNT'],['STANDARDSIZE'],[],111.45,2016-12-06,R,0.0,issueid,60011922,False,False,19.0,17
5008352,MORGAN ST INV F-EM MK DOM-A,LU0283960077,MSJ3,1,FUND,13,True,D,EUR,,10002,False,['DAY'],['STANDARDAMOUNT'],['STANDARDSIZE'],[],31.4,2021-04-09,R,0.0,issueid,610199058,False,False,19.0,38
5008348,PIMCO-GL H/Y BD-HEDGEDACC,IE00B566G866,PGHYEHA,1,FUND,13,True,D,EUR,,10002,False,['DAY'],['STANDARDAMOUNT'],['STANDARDSIZE'],[],23.95,2021-04-09,R,0.0,issueid,60006955,False,False,19.0,25
10683324,AMUNDI-INDEX GL BD EU H-RE D,LU0987207668,AMIGRED,1,FUND,13,True,F,EUR,,10002,False,['DAY'],['STANDARDAMOUNT'],['STANDARDSIZE'],[],101.59,2021-04-08,,,,,,,,3
5108378,RIVOLI CAPITAL-I,FR0010605808,RICPTLI,1,FUND,13,True,D,EUR,,10002,False,['DAY'],['STANDARDAMOUNT'],['STANDARDSIZE'],[],145.42,2015-06-22,,,,,,,,53
5001087,SCHRODER INTL STRAT BD-ACC-C,LU0201322640,LX,1,FUND,13,True,D,USD,,10002,False,['DAY'],['STANDARDAMOUNT'],['STANDARDSIZE'],[],165.5885,2021-04-09,R,0.0,issueid,60011439,False,False,19.0,27
4999847,FRANK TP INV EMKT BD-WAUSD,LU0976565506,LX,1,FUND,13,True,F,USD,,10002,False,['DAY'],['STANDARDAMOUNT'],['STANDARDSIZE'],[],9.92,2021-04-09,R,0.0,issueid,60012010,False,False,19.0,16
4914594,KEMPEN PROFIEL 0,NL0010610309,KEMP0,1,FUND,13,True,D,EUR,,200,False,['DAY'],['STANDARDAMOUNT'],['STANDARDSIZE'],[],35.16,2021-04-09,R,0.0,issueid,586661,False,False,1.0,21
5053235,BGF-GBL ALLOCATION HED-D2,LU0329591480,MGAFEHD,1,FUND,13,True,D,EUR,,10002,False,['DAY'],['STANDARDAMOUNT'],['STANDARDSIZE'],[],50.94,2021-04-09,R,0.0,issueid,60003081,False,False,19.0,4
847136,DELTA LLOYD RENTE,NL0000442101,DLRF,1,FUND,13,True,D,EUR,-0.0001,200,False,['DAY'],['STANDARDAMOUNT'],['STANDARDSIZE'],[],15.22,2021-04-09,R,0.0,issueid,12047,False,False,1.0,35
5053237,HENDERSON GART-P/E SM CO-RA,LU0201078713,GASMCAD,1,FUND,13,True,H,EUR,,10002,False,['DAY'],['STANDARDAMOUNT'],['STANDARDSIZE'],[],21.4901,2021-04-08,R,0.0,issueid,60000031,False,False,19.0,18
5001072,PIMCO LOW AVG DURATION-IHA,IE00B62L8426,ID,1,FUND,13,True,D,EUR,,10002,False,['DAY'],['STANDARDAMOUNT'],['STANDARDSIZE'],[],10.49,2020-06-05,R,0.0,issueid,60012790,False,False,19.0,25
11628102,MORGAN ST INV F-EM EUR&ME-I,LU0118140184,MORSEEI,1,FUND,13,True,I,EUR,,10002,False,['DAY'],['STANDARDAMOUNT'],['STANDARDSIZE'],[],103.62,2021-04-09,,,,,,,,38
5004267,SCHRODER ISF EM DBT AR-ZHEUR,LU0968426949,SCHZHEA,1,FUND,13,True,D,EUR,,10002,False,['DAY'],['STANDARDAMOUNT'],['STANDARDSIZE'],[],,,R,0.0,issueid,60011432,False,False,19.0,27
4792098,OPT EuroRente Fd,NL0010558805,OPERF,1,FUND,13,True,D,EUR,,200,False,['DAY'],['STANDARDAMOUNT'],['STANDARDSIZE'],[],25.42,2021-04-09,R,0.0,issueid,106542,False,False,1.0,71
5001047,GLG JAPAN COREALPHA-I H USD,IE00B5646799,ID,1,FUND,13,True,D,USD,,10002,False,['DAY'],['STANDARDAMOUNT'],['STANDARDSIZE'],[],213.24,2021-04-09,R,0.0,issueid,60009344,False,False,19.0,22
846899,ING NORTH AMERICA,NL0000286045,INGNO,1,FUND,13,True,I,EUR,-0.0001,200,False,['DAY'],['STANDARDAMOUNT'],['STANDARDSIZE'],[],60.87,2021-04-09,R,0.0,issueid,96582,False,False,1.0,36
5001075,PIMCO UNCONSTR BOND-I-A-USD,IE00B3FNF987,ID,1,FUND,13,True,D,USD,,10002,False,['DAY'],['STANDARDAMOUNT'],['STANDARDSIZE'],[],14.86,2021-04-09,R,0.0,issueid,60009490,False,False,19.0,25
4811404,F&C PORT FD-EUR SML CP-A,LU0207432559,GQCR,1,FUND,13,True,H,EUR,,10002,False,['DAY'],['STANDARDAMOUNT'],['STANDARDSIZE'],[],29.09,2020-11-25,R,0.0,issueid,60202321,False,False,19.0,12
5003046,BGF-EUR SHORT DUR BOND-D2,LU0329592371,LX,1,FUND,13,True,D,EUR,,10002,False,['DAY'],['STANDARDAMOUNT'],['STANDARDSIZE'],[],16.59,2021-04-09,R,0.0,issueid,60012806,False,False,19.0,4
5001055,DPAM B-EQ EUROPE DVD-W,BE6246074502,BB,1,FUND,13,True,D,EUR,,10002,False,['DAY'],['STANDARDAMOUNT'],['STANDARDSIZE'],[],276.91,2021-04-09,R,0.0,issueid,60011388,False,False,19.0,23
847527,BNP GL PROP SEC FD,NL0006294092,BGPSF,1,FUND,13,True,D,EUR,-0.0001,200,False,['DAY'],['STANDARDAMOUNT'],['STANDARDSIZE'],[],63.98,2021-04-09,R,0.0,issueid,12008,False,False,1.0,5
846907,NN FIRSTCLAS OBLIG,NL0000286441,NNFC,1,FUND,13,True,D,EUR,-0.0001,200,False,['DAY'],['STANDARDAMOUNT'],['STANDARDSIZE'],[],22.49,2021-04-09,R,0.0,issueid,202002,False,False,1.0,36
5775071,HENDERSON HORIZ-PAN EU PR-A1,LU0209156925,HENEPSA,1,FUND,13,True,D,EUR,,10002,False,['DAY'],['STANDARDAMOUNT'],['STANDARDSIZE'],[],44.8,2021-04-09,,,,,,,,18
5004225,PIMCO-GLOBAL BOND-US UH I AC,IE0032568887,PIMGUUI,1,FUND,13,True,D,USD,,10002,False,['DAY'],['STANDARDAMOUNT'],['STANDARDSIZE'],[],35.11,2021-04-09,R,0.0,issueid,60012785,False,False,19.0,25
4999815,CANDRIAM SUSTAINABLE EUROPE-R,BE6253598088,BB,1,FUND,13,True,D,EUR,,10002,False,['DAY'],['STANDARDAMOUNT'],['STANDARDSIZE'],[],178.02,2021-04-08,R,0.0,issueid,60011128,False,False,19.0,8
5003030,ABERDEEN GL-SL EMMK BD-X1IUS,LU0837980761,LX,1,FUND,13,True,D,USD,,10002,False,['DAY'],['STANDARDAMOUNT'],['STANDARDSIZE'],[],8.2775,2021-04-09,R,0.0,issueid,60012742,False,False,19.0,1
5105260,GAM STAR-ASIA PAC EQ-EUR ACC,IE0002989915,ID,1,FUND,13,True,D,EUR,,10002,False,['DAY'],['STANDARDAMOUNT'],['STANDARDSIZE'],[],204.0818,2020-02-04,R,0.0,issueid,60142665,False,False,19.0,42
5004275,SCHRODER INTL EU EQ ALP-Z-AC,LU0968427756,SISEAZA,1,FUND,13,True,D,EUR,,10002,False,['DAY'],['STANDARDAMOUNT'],['STANDARDSIZE'],[],65.8452,2019-08-21,R,0.0,issueid,60012900,False,False,19.0,27
8811030,JUPITER GL FD-EURO GRO-D EUR,LU0946223103,JPGEUDE,1,FUND,13,True,I,EUR,,10002,False,['DAY'],['STANDARDAMOUNT'],['STANDARDSIZE'],[],21.45,2021-04-09,,,,,,,,75
5074948,FRANK TEMP INV TE AS-A MDIS,LU0260863377,LX,1,FUND,13,True,A,EUR,,10002,False,['DAY'],['STANDARDAMOUNT'],['STANDARDSIZE'],[],8.09,2021-04-09,R,0.0,issueid,60193092,False,False,19.0,16
5003373,DPAM L-BNDS HIGHER YLD-W,LU0966593427,LX,1,FUND,13,True,D,EUR,,10002,False,['DAY'],['STANDARDAMOUNT'],['STANDARDSIZE'],[],299.37,2021-04-09,R,0.0,issueid,60011412,False,False,19.0,23
4876903,BNP GL HIGH IN EQ,NL0006294167,BGHEF,1,FUND,13,True,D,EUR,,200,False,['DAY'],['STANDARDAMOUNT'],['STANDARDSIZE'],[],63.75,2021-04-09,R,0.0,issueid,121207,False,False,1.0,5
846955,ING HG DV AANDFD17,NL0000289858,NNHDA,1,FUND,13,True,D,EUR,-0.0001,200,False,['DAY'],['STANDARDAMOUNT'],['STANDARDSIZE'],[],36.67,2021-04-09,R,0.0,issueid,116764,False,False,1.0,36
5003086,DEXIA LONG SHORT CREDIT-REUR,FR0011510056,FP,1,FUND,13,True,D,EUR,,10002,False,['DAY'],['STANDARDAMOUNT'],['STANDARDSIZE'],[],103.33,2017-09-04,R,0.0,issueid,60011185,False,False,19.0,8
5003034,ABERDEEN GL-AS LOCU SD BD-X1,LU0837966349,LX,1,FUND,13,True,D,USD,,10002,False,['DAY'],['STANDARDAMOUNT'],['STANDARDSIZE'],[],8.4428,2021-04-09,R,0.0,issueid,60012738,False,False,19.0,1
5004257,ROBECO INV GRADE CRP BD-CH,LU0871827621,ROIGCHE,1,FUND,13,True,D,EUR,,10002,False,['DAY'],['STANDARDAMOUNT'],['STANDARDSIZE'],[],96.58,2021-04-09,R,0.0,issueid,60011483,False,False,19.0,26
5225216,T ROWE PRICE-GLB EM MK EQ-Q,LU0860350148,TRPGEMQ,1,FUND,13,True,D,USD,,10002,False,['DAY'],['STANDARDAMOUNT'],['STANDARDSIZE'],[],17.31,2021-04-09,R,0.0,issueid,60041590,False,False,19.0,57
5003110,FIDELITY FUNDS-JP ADV-YA EUR,LU0933613423,LX,1,FUND,13,True,D,EUR,,10002,False,['DAY'],['STANDARDAMOUNT'],['STANDARDSIZE'],[],21.62,2021-04-09,R,0.0,issueid,60011752,False,False,19.0,13
5003053,BGF-EUROPEAN VALUE FUND-D2,LU0329592454,LX,1,FUND,13,True,D,EUR,,10002,False,['DAY'],['STANDARDAMOUNT'],['STANDARDSIZE'],[],83.97,2021-04-09,R,0.0,issueid,60012283,False,False,19.0,4
12724304,HERMES MUL STR CRED-FAH EUR,IE00BKRCNG56,IE00BKRCNG56 EQUITY,1,FUND,13,True,F,EUR,,10002,False,['DAY'],['STANDARDAMOUNT'],['STANDARDSIZE'],[],2.3682,2020-11-14,,,,,,,,80
5001057,PICTET EUR SHRTRM HI YLD-I,LU0726357444,LX,1,FUND,13,True,D,EUR,,10002,False,['DAY'],['STANDARDAMOUNT'],['STANDARDSIZE'],[],130.7,2021-04-08,R,0.0,issueid,60011028,False,False,19.0,24
4998771,PARVEST EQ HGH DVD EUROPE-PV,LU0111493838,PAREGPR,1,FUND,13,True,D,EUR,,10002,False,['DAY'],['STANDARDAMOUNT'],['STANDARDSIZE'],[],131.87,2021-04-09,R,0.0,issueid,60193243,False,False,19.0,5
847007,ING EUROPE FUND 20,NL0000292332,EFING,1,FUND,13,True,D,EUR,-0.0001,200,False,['DAY'],['STANDARDAMOUNT'],['STANDARDSIZE'],[],33.26,2021-04-09,R,0.0,issueid,25466,False,False,1.0,36
5003316,JPM LIQ-STER LIQUIDITY-B,LU0103815170,LX,1,FUND,13,True,D,GBP,,10002,False,['DAY'],['STANDARDAMOUNT'],['STANDARDSIZE'],[],12573.43,2021-04-09,R,0.0,issueid,60008350,False,False,19.0,20
5003091,DEXIA BONDS-EMERG MARK-R USD,LU0942153155,LX,1,FUND,13,True,D,USD,,10002,False,['DAY'],['STANDARDAMOUNT'],['STANDARDSIZE'],[],139.27,2021-04-08,R,0.0,issueid,60012818,False,False,19.0,8
4998728,ALLIANZ EUR SM CP-P EUR,LU0293315536,LX,1,FUND,13,True,I,EUR,,10002,False,['DAY'],['STANDARDAMOUNT'],['STANDARDSIZE'],[],2061.18,2021-04-09,R,0.0,issueid,60012798,False,False,19.0,2
5590194,BRANDES EURPN EQTIES-I-EUR,IE0031574977,BRANEUI,1,FUND,13,True,H,EUR,,10002,False,['DAY'],['STANDARDAMOUNT'],['STANDARDSIZE'],[],43.45,2021-04-09,R,0.0,issueid,60206299,False,False,19.0,45
12375901,STANDARD LIFE TR CRD-D EU HG,LU1244836117,SLTRDEH,1,FUND,13,True,H,EUR,,10002,False,['DAY'],['STANDARDAMOUNT'],['STANDARDSIZE'],[],10.3018,2020-03-27,,,,,,,,60
5312384,SCHRODER INTL-EUR DI MAX-A€D,LU0321371998,SIEDMDA,1,FUND,13,True,D,EUR,,10002,False,['DAY'],['STANDARDAMOUNT'],['STANDARDSIZE'],[],35.4443,2021-04-09,R,0.0,issueid,60203653,False,False,19.0,27
4999853,GOLD SACHS GL CRED HED-REURH,LU0858293193,LX,1,FUND,13,True,D,EUR,,10002,False,['DAY'],['STANDARDAMOUNT'],['STANDARDSIZE'],[],13.08,2021-04-09,R,0.0,issueid,60012847,False,False,19.0,17
5001062,PICTET-GLOB EMERG DBT-IDYUSD,LU0953040879,LX,1,FUND,13,True,D,USD,,10002,False,['DAY'],['STANDARDAMOUNT'],['STANDARDSIZE'],[],331.08,2021-04-08,R,0.0,issueid,60012883,False,False,19.0,24
4998776,PARVEST EQT USA GR-PRIV-ACC,LU0823435473,PAREUPA,1,FUND,13,True,D,USD,,10002,False,['DAY'],['STANDARDAMOUNT'],['STANDARDSIZE'],[],349.97,2021-04-09,R,0.0,issueid,60011536,False,False,19.0,5
847021,ING DYN MIX5 FD,NL0000293181,NNDM5,1,FUND,13,True,D,EUR,-0.0001,200,False,['DAY'],['STANDARDAMOUNT'],['STANDARDSIZE'],[],42.61,2021-04-09,R,0.0,issueid,232164,False,False,1.0,36
4999819,DWS COVERED BOND FUND-FD,DE000DWS1UN6,GR,1,FUND,13,True,D,EUR,,10002,False,['DAY'],['STANDARDAMOUNT'],['STANDARDSIZE'],[],56.04,2021-04-08,R,0.0,issueid,60010204,False,False,19.0,9
5457965,CANDR EQYS L EUROPE CONV-CA,LU0596211499,DXLECCA,1,FUND,13,True,I,EUR,,10002,False,['DAY'],['STANDARDAMOUNT'],['STANDARDSIZE'],[],179.78,2021-03-25,R,0.0,issueid,60014061,False,False,19.0,47
846896,IDB REALEST EQT FD,NL0000285591,INSRE,1,FUND,13,True,D,EUR,-0.0001,200,False,['DAY'],['STANDARDAMOUNT'],['STANDARDSIZE'],[],168.94,2021-04-09,R,0.0,issueid,13047,False,False,1.0,63
5051852,FIDELITY FNDS-GLO FIN SVC-A,LU0114722498,FIDFSFE,1,FUND,13,True,D,EUR,,10002,False,['DAY'],['STANDARDAMOUNT'],['STANDARDSIZE'],[],43.82,2021-04-09,R,0.0,issueid,60130987,False,False,19.0,13
5006344,SKAGEN VEKST FUND-A,NO0008000445,STVEKST,1,FUND,13,True,D,NOK,,10002,False,['DAY'],['STANDARDAMOUNT'],['STANDARDSIZE'],[],3182.016,2021-04-09,R,0.0,issueid,60193269,False,False,19.0,28
5003076,PARVEST EQY EURO GRW-PRIV I,LU0823404917,LX,1,FUND,13,True,D,EUR,,10002,False,['DAY'],['STANDARDAMOUNT'],['STANDARDSIZE'],[],144.04,2021-04-09,R,0.0,issueid,60011560,False,False,19.0,5
847547,ING EURO OBLI FD,NL0006311797,NNEOF,1,FUND,13,True,D,EUR,-0.0001,200,False,['DAY'],['STANDARDAMOUNT'],['STANDARDSIZE'],[],36.35,2021-04-09,R,0.0,issueid,12144,False,False,1.0,36
5855646,JPM FUNDS-GLO HEALTHCR-B ACC,LU1048171810,JPGHDAE,1,FUND,13,True,I,EUR,,10002,False,['DAY'],['STANDARDAMOUNT'],['STANDARDSIZE'],[],161.55,2021-04-09,,,,,,,,20
5003094,DWS INVEST EURO BNDS SHRT-FC,LU0145657366,LX,1,FUND,13,True,D,EUR,,10002,False,['DAY'],['STANDARDAMOUNT'],['STANDARDSIZE'],[],155.61,2021-04-09,R,0.0,issueid,60011075,False,False,19.0,9
847020,NN DYN MIX FD IV,NL0000293173,NNDM4,1,FUND,13,True,D,EUR,-0.0001,200,False,['DAY'],['STANDARDAMOUNT'],['STANDARDSIZE'],[],41.83,2021-04-09,R,0.0,issueid,232163,False,False,1.0,50
846923,OPTIMIX MIX FD E,NL0000287100,OPTMF,1,FUND,13,True,D,EUR,-0.0001,200,False,['DAY'],['STANDARDAMOUNT'],['STANDARDSIZE'],[],36.02,2021-04-09,R,0.0,issueid,128694,False,False,1.0,64
5492857,FIDELITY FDS-US HI YLD-YUSD,LU0936582211,FFUHYYU,1,FUND,13,True,F,USD,,10002,False,['DAY'],['STANDARDAMOUNT'],['STANDARDSIZE'],[],10.63,2021-04-08,,,,,,,,13
11391674,JPMORGAN EMRG MKTS CRP-CAUSD,LU0512127977,JPECCAU,1,FUND,13,True,F,USD,,10002,False,['DAY'],['STANDARDAMOUNT'],['STANDARDSIZE'],[],175.96,2021-04-09,,,,,,,,20
5001088,THREADNEEDLE EURO BD-IGA,GB00B3T70242,LN,1,FUND,13,True,D,EUR,,10002,False,['DAY'],['STANDARDAMOUNT'],['STANDARDSIZE'],[],1.811,2021-04-09,R,0.0,issueid,60012773,False,False,19.0,29
5003293,GS-STR ABS RT BD 1PT-RA USD,LU0838034444,LX,1,FUND,13,True,D,USD,,10002,False,['DAY'],['STANDARDAMOUNT'],['STANDARDSIZE'],[],115.58,2021-04-09,R,0.0,issueid,60012767,False,False,19.0,17
5003384,PICTET-EUR CORPRATE BD-HIUSD,LU0174610955,PIPCBHI,1,FUND,13,True,D,USD,,10002,False,['DAY'],['STANDARDAMOUNT'],['STANDARDSIZE'],[],286.2,2021-04-08,R,0.0,issueid,60012874,False,False,19.0,24
850544,ING GLOB AL OPP FD,NL0009265404,NNGOF,1,FUND,13,True,D,EUR,-0.0001,200,False,['DAY'],['STANDARDAMOUNT'],['STANDARDSIZE'],[],48.78,2021-04-09,R,0.0,issueid,133743,False,False,1.0,36
5004247,PIMCO EURO INC BD-INS ACC,IE00B3V8Y234,PGEIBIA,1,FUND,13,True,D,EUR,,10002,False,['DAY'],['STANDARDAMOUNT'],['STANDARDSIZE'],[],15.78,2021-04-09,R,0.0,issueid,60012781,False,False,19.0,25
5003097,DWS INVEST CHINA BONDS-FCH,LU0632808951,LX,1,FUND,13,True,D,EUR,,10002,False,['DAY'],['STANDARDAMOUNT'],['STANDARDSIZE'],[],120.18,2021-04-09,R,0.0,issueid,60008227,False,False,19.0,9
847548,NN GLOBAL FD,NL0006311805,INGGL,1,FUND,13,True,D,EUR,-0.0001,200,False,['DAY'],['STANDARDAMOUNT'],['STANDARDSIZE'],[],108.73,2021-04-09,R,0.0,issueid,12138,False,False,1.0,50
11334342,RG GMFAC E G,NL0011354873,ROMF,1,FUND,13,True,I,EUR,,200,False,['DAY'],['STANDARDAMOUNT'],['STANDARDSIZE'],[],153.56,2021-04-09,R,0.0,issueid,612923,False,False,1.0,26
847403,TCM Africa High Dividend Equity,NL0006173007,TCMAF,1,FUND,13,True,D,EUR,-0.0001,200,False,['DAY'],['STANDARDAMOUNT'],['STANDARDSIZE'],[],10.26,2021-04-09,R,0.0,issueid,263573,False,False,1.0,68
5001093,THREADNEEDLE EMK B-USD-I-G-A,GB00B1XK5Q40,LN,1,FUND,13,True,D,USD,,10002,False,['DAY'],['STANDARDAMOUNT'],['STANDARDSIZE'],[],3.9229,2021-04-09,R,0.0,issueid,60012756,False,False,19.0,29
5003297,GOLDMAN SACHS JAPAN PT-R SNA,LU0830623632,LX,1,FUND,13,True,D,JPY,,10002,False,['DAY'],['STANDARDAMOUNT'],['STANDARDSIZE'],[],3258.45,2021-04-09,R,0.0,issueid,60012765,False,False,19.0,17
5003390,PICTET-EUR HIGH YIELD-I,LU0133806785,PFIEHYI,1,FUND,13,True,D,EUR,,10002,False,['DAY'],['STANDARDAMOUNT'],['STANDARDSIZE'],[],296.83,2021-04-08,R,0.0,issueid,60001911,False,False,19.0,24
8730509,BNP PARIBAS L1 MU/AS INC-PVG,LU1056594820,BNPMAPV,1,FUND,13,True,D,EUR,,10002,False,['DAY'],['STANDARDAMOUNT'],['STANDARDSIZE'],[],,,,,,,,,,5
5045000,ING L RENTA-EM MK DB HC-NH A,LU0800560368,IEMDNHE,1,FUND,13,True,F,EUR,,10002,False,['DAY'],['STANDARDAMOUNT'],['STANDARDSIZE'],[],5546.8,2021-04-09,R,0.0,issueid,60013579,False,False,19.0,36
5003100,DWS INV EUR CORP BONDS-FC,LU0300357802,LX,1,FUND,13,True,D,EUR,,10002,False,['DAY'],['STANDARDAMOUNT'],['STANDARDSIZE'],[],180.28,2021-04-09,R,0.0,issueid,60000574,False,False,19.0,9
5226395,ING L INV-RENTA EU HY-NA,LU0953791844,INEHYNA,1,FUND,13,True,D,EUR,,10002,False,['DAY'],['STANDARDAMOUNT'],['STANDARDSIZE'],[],469.99,2021-04-09,R,0.0,issueid,60013686,False,False,19.0,50
5008353,GS GR&EM CORSM EQ-BACLAUSD,LU0313355587,GSEBAAC,1,FUND,13,True,D,USD,,10002,False,['DAY'],['STANDARDAMOUNT'],['STANDARDSIZE'],[],22.2,2021-04-08,R,0.0,issueid,60005276,False,False,19.0,17
5045004,PICTET-GLOBAL EMERG DEBT-HI,LU0170991672,PFIFGEH,1,FUND,13,True,F,EUR,,10002,False,['DAY'],['STANDARDAMOUNT'],['STANDARDSIZE'],[],289.45,2021-04-08,R,0.0,issueid,60006847,False,False,19.0,24
5045002,LO FUNDS-EURO INF LNK FD-IA,LU0455375872,LIINFIA,1,FUND,13,True,F,EUR,,10002,False,['DAY'],['STANDARDAMOUNT'],['STANDARDSIZE'],[],13.3165,2021-04-08,R,0.0,issueid,60007358,False,False,19.0,37
5004944,PIMCO-GLOBAL BOND-USDINS ACC,IE0002461055,PIMGBAI,1,FUND,13,True,D,USD,,10002,False,['DAY'],['STANDARDAMOUNT'],['STANDARDSIZE'],[],35.67,2021-04-09,R,0.0,issueid,610199196,False,False,19.0,25
5004946,DWS INVEST GLBAL AGRIBUSN-FC,LU0273147834,DWIGAFC,1,FUND,13,True,D,EUR,,10002,False,['DAY'],['STANDARDAMOUNT'],['STANDARDSIZE'],[],197.21,2021-04-09,R,0.0,issueid,60193449,False,False,19.0,9
5855642,FIRST EAGLE-AMUNDI INT-RHEC,LU0878867869,AMIRHEC,1,FUND,13,True,I,EUR,,10002,False,['DAY'],['STANDARDAMOUNT'],['STANDARDSIZE'],[],130.67,2021-04-09,,,,,,,,3
5213743,ABSOLUTE INSIGHT CRED-B1P2€,IE00B3T4GV62,ACB1P2E,1,FUND,13,True,D,EUR,,10002,False,['DAY'],['STANDARDAMOUNT'],['STANDARDSIZE'],[],1.2588,2021-04-08,R,0.0,issueid,610284550,False,False,19.0,51
5001085,SCHRODER GAIA-SIRIOS C USD-A,LU0885728070,LX,1,FUND,13,True,D,USD,,10002,False,['DAY'],['STANDARDAMOUNT'],['STANDARDSIZE'],[],151.12,2019-08-30,R,0.0,issueid,60010334,False,False,19.0,27
4999845,FRANK TE GLB TOT FD-W-A-EUR,LU0976564798,LX,1,FUND,13,True,D,EUR,,10002,False,['DAY'],['STANDARDAMOUNT'],['STANDARDSIZE'],[],11.16,2021-04-09,R,0.0,issueid,60012329,False,False,19.0,16
847134,DELTA LLOYD DOLLAR,NL0000442010,DLDF,1,FUND,13,True,D,EUR,-0.0001,200,False,['DAY'],['STANDARDAMOUNT'],['STANDARDSIZE'],[],10.33,2021-04-09,R,0.0,issueid,12045,False,False,1.0,35
5045003,MORGAN ST INV F-EM MK DOM-I,LU0283960234,MOREMDI,1,FUND,13,True,F,USD,,10002,False,['DAY'],['STANDARDAMOUNT'],['STANDARDSIZE'],[],34.3,2021-04-09,R,0.0,issueid,60012651,False,False,19.0,38
5437391,PIMCO COMMODITI+ STRAT-IUSDA,IE00B1BXJ858,PIMCPSI,1,FUND,13,True,D,USD,,10002,False,['DAY'],['STANDARDAMOUNT'],['STANDARDSIZE'],[],7.24,2021-04-09,R,0.0,issueid,60045147,False,False,19.0,25
13566443,DEUTSCHE INV I CORP HB-FC,LU1245923302,DICHBFC,1,FUND,13,True,F,EUR,,10002,False,['DAY'],['STANDARDAMOUNT'],['STANDARDSIZE'],[],128.38,2021-04-09,,,,,,,,9
8287631,OLD MUT GB EQY ABS RE-A USDA,IE00BLP5S353,OMEAUSA ID EQUITY,1,FUND,13,True,H,USD,,10002,False,['DAY'],['STANDARDAMOUNT'],['STANDARDSIZE'],[],1.1951,2021-04-09,,,,,,,,56
5003368,KEMPEN INT-EURO HI GR GOV-BN,LU0910061380,KPEHBRE,1,FUND,13,True,D,EUR,,10002,False,['DAY'],['STANDARDAMOUNT'],['STANDARDSIZE'],[],62.7932,2020-09-30,R,0.0,issueid,60012868,False,False,19.0,21
5074172,BGF-ASIAN TIGER BOND-A2 USD,LU0063729296,MERATAA,1,FUND,13,True,D,USD,,10002,False,['DAY'],['STANDARDAMOUNT'],['STANDARDSIZE'],[],46.0,2021-04-09,R,0.0,issueid,60169848,False,False,19.0,4
5272932,DL SOV XLT A,NL0010489373,DLSXA,1,FUND,13,True,D,EUR,,200,False,['DAY'],['STANDARDAMOUNT'],['STANDARDSIZE'],[],,,R,0.0,issueid,610104,False,False,1.0,35
5598719,HENDERSON HOR-PAN EU EQ-H2,LU0828814250,HHPEH2E,1,FUND,13,True,D,EUR,,10002,False,['DAY'],['STANDARDAMOUNT'],['STANDARDSIZE'],[],19.58,2021-04-09,R,0.0,issueid,60011225,False,False,19.0,18
5001073,PIMCO-GL REAL RTN-INSHEDACC,IE0033666466,ID,1,FUND,13,True,D,EUR,,10002,False,['DAY'],['STANDARDAMOUNT'],['STANDARDSIZE'],[],20.75,2021-04-09,R,0.0,issueid,60011295,False,False,19.0,25
4999811,COMGEST GROWTH LTN AMER-USDC,IE00B64CBB12,ID,1,FUND,13,True,D,USD,,10002,False,['DAY'],['STANDARDAMOUNT'],['STANDARDSIZE'],[],8.55,2021-04-08,R,0.0,issueid,60011618,False,False,19.0,7
5045005,DEGROOF BONDS EUR INFL LNK-B,LU0404952821,DEGBGSB,1,FUND,13,True,F,EUR,,10002,False,['DAY'],['STANDARDAMOUNT'],['STANDARDSIZE'],[],2627.84,2021-04-08,R,0.0,issueid,60207964,False,False,19.0,39
5003104,EAST CAP-BALKAN FD-R EUR,LU0972918535,LX,1,FUND,13,True,D,EUR,,10002,False,['DAY'],['STANDARDAMOUNT'],['STANDARDSIZE'],[],13.0929,2021-04-09,R,0.0,issueid,60011957,False,False,19.0,10
5003044,BGF-EUROPEAN FUND-D2,LU0252966055,LX,1,FUND,13,True,D,EUR,,10002,False,['DAY'],['STANDARDAMOUNT'],['STANDARDSIZE'],[],186.05,2021-04-09,R,0.0,issueid,60008877,False,False,19.0,4
5004268,SCHRODER INTL JPN EQ-Z HDG,LU0969111144,SCJPEZH,1,FUND,13,True,D,EUR,,10002,False,['DAY'],['STANDARDAMOUNT'],['STANDARDSIZE'],[],144.1919,2021-04-09,R,0.0,issueid,60012903,False,False,19.0,27
4792099,OPT Wereld Aand Fd,NL0010558813,OPWAF,1,FUND,13,True,D,EUR,,200,False,['DAY'],['STANDARDAMOUNT'],['STANDARDSIZE'],[],45.31,2021-04-09,R,0.0,issueid,39933,False,False,1.0,71
5003119,FRANK TEMP INV TE AS SM-WAEU,LU0976565415,LX,1,FUND,13,True,D,EUR,,10002,False,['DAY'],['STANDARDAMOUNT'],['STANDARDSIZE'],[],20.86,2021-04-09,R,0.0,issueid,60012637,False,False,19.0,16
846901,ING JAPAN FUND 13,NL0000286078,NNJPF,1,FUND,13,True,D,EUR,-0.0001,200,False,['DAY'],['STANDARDAMOUNT'],['STANDARDSIZE'],[],19.36,2021-04-09,R,0.0,issueid,108208,False,False,1.0,36
5598722,HENDERSON-AS PC PR EQ-H1IUSD,LU0976556265,HHAH1IU,1,FUND,13,True,D,USD,,10002,False,['DAY'],['STANDARDAMOUNT'],['STANDARDSIZE'],[],10.2,2020-11-13,R,0.0,issueid,60012360,False,False,19.0,18
1745591,HH EUR VALUE FUND,NL0009864495,HHEVF,1,FUND,13,True,D,EUR,,200,False,['DAY'],['STANDARDAMOUNT'],['STANDARDSIZE'],[],41.44,2021-04-09,R,0.0,issueid,12212,False,False,1.0,40
4650655,HH RE Value Fund,NL0010514212,HHREF,1,FUND,13,True,D,EUR,,200,False,['DAY'],['STANDARDAMOUNT'],['STANDARDSIZE'],[],52.18,2021-04-09,R,0.0,issueid,61447067,False,False,1.0,40
4999829,F&C PORT FD-EUR SML CP-R,LU0976192475,LX,1,FUND,13,True,I,EUR,,10002,False,['DAY'],['STANDARDAMOUNT'],['STANDARDSIZE'],[],18.59,2021-04-08,R,0.0,issueid,60012750,False,False,19.0,12
5004273,SCHRODER INTL GL EQ AL-Z-EUR,LU0968428481,SCGLEQZ,1,FUND,13,True,D,EUR,,10002,False,['DAY'],['STANDARDAMOUNT'],['STANDARDSIZE'],[],276.8131,2021-04-09,R,0.0,issueid,60011435,False,False,19.0,27
5042912,FRANK TEMP INV GB-WYDISI EUR,LU0889564786,TEMGWIE,1,FUND,13,True,D,EUR,,10002,False,['DAY'],['STANDARDAMOUNT'],['STANDARDSIZE'],[],6.35,2021-04-09,R,0.0,issueid,60011080,False,False,19.0,16
5003371,DPAM L BONDS EUR QLTY-W,LU0966592023,PAMLEQW,1,FUND,13,True,D,EUR,,10002,False,['DAY'],['STANDARDAMOUNT'],['STANDARDSIZE'],[],615.89,2021-04-09,R,0.0,issueid,60011409,False,False,19.0,23
847529,BNP PRO SEC FD EUR,NL0006294118,BPSEU,1,FUND,13,True,D,EUR,-0.0001,200,False,['DAY'],['STANDARDAMOUNT'],['STANDARDSIZE'],[],64.37,2021-04-09,R,0.0,issueid,12010,False,False,1.0,5
846930,ING DUTCH FD 11,NL0000287993,NNDF,1,FUND,13,True,D,EUR,-0.0001,200,False,['DAY'],['STANDARDAMOUNT'],['STANDARDSIZE'],[],77.17,2021-04-09,R,0.0,issueid,12088,False,False,1.0,36
5779316,HENDERSON HOR-PAN EU E-H1EUR,LU0942194852,HPEEH1E,1,FUND,13,True,D,EUR,,10002,False,['DAY'],['STANDARDAMOUNT'],['STANDARDSIZE'],[],15.82,2021-04-09,R,0.0,issueid,60012363,False,False,19.0,18
5004226,PIMCO-GLB H/Y BD-INST ACC,IE0002420739,PGHYBFI,1,FUND,13,True,D,USD,,10002,False,['DAY'],['STANDARDAMOUNT'],['STANDARDSIZE'],[],28.15,2021-04-09,R,0.0,issueid,60003777,False,False,19.0,25
5003031,ABERDEEN GL-JAPANESE EQT-Y2A,LU0837978518,LX,1,FUND,13,True,D,EUR,,10002,False,['DAY'],['STANDARDAMOUNT'],['STANDARDSIZE'],[],22.344,2021-04-09,R,0.0,issueid,60011622,False,False,19.0,1
5855645,GAM STAR-CHINA EQ-INS USD AC,IE00B3CTFQ60,GAMCUIA ID EQUITY,1,FUND,13,True,I,USD,,10002,False,['DAY'],['STANDARDAMOUNT'],['STANDARDSIZE'],[],22.2696,2021-04-08,,,,,,,,42
5225214,TROWE PRICE-US LG CP VL-Q,LU0885324813,TRPULCQ,1,FUND,13,True,D,USD,,10002,False,['DAY'],['STANDARDAMOUNT'],['STANDARDSIZE'],[],23.29,2021-04-09,R,0.0,issueid,60041597,False,False,19.0,57
5004909,SCHRODER INTL US LG CA-Z EUR,LU0969112548,SCHUSLZ,1,FUND,13,True,D,EUR,,10002,False,['DAY'],['STANDARDAMOUNT'],['STANDARDSIZE'],[],232.2251,2021-04-09,R,0.0,issueid,60012906,False,False,19.0,27
12341209,CAN EQUITIES B GLOBAL FIN-C,BE0174812181,DEX6386,1,FUND,13,True,I,EUR,,10002,False,['DAY'],['STANDARDAMOUNT'],['STANDARDSIZE'],[],590.94,2019-06-05,,,,,,,,76
5167225,FRANK TP INV EMKT BD-WQDEUR,LU0976565688,TEMWQDE,1,FUND,13,True,D,EUR,,10002,False,['DAY'],['STANDARDAMOUNT'],['STANDARDSIZE'],[],6.06,2021-04-09,R,0.0,issueid,60012323,False,False,19.0,16
5003374,DPAM B FUND-BONDS EUR-W,BE6246046229,BB,1,FUND,13,True,D,EUR,,10002,False,['DAY'],['STANDARDAMOUNT'],['STANDARDSIZE'],[],91.82,2021-04-08,R,0.0,issueid,60011267,False,False,19.0,23
4998769,PARVEST EQY EURO GRW-PRIV,LU0823404834,FGEUCPR,1,FUND,13,True,D,EUR,,10002,False,['DAY'],['STANDARDAMOUNT'],['STANDARDSIZE'],[],174.98,2018-05-18,R,0.0,issueid,60009943,False,False,19.0,5
846956,ING BASIC MAT FD 6,NL0000289882,INGBM,1,FUND,13,True,D,EUR,-0.0001,200,False,['DAY'],['STANDARDAMOUNT'],['STANDARDSIZE'],[],54.87,2021-04-09,R,0.0,issueid,171648,False,False,1.0,36
5000994,JPM LIQ-EURO LIQUIDITY-B,LU0103814108,LX,1,FUND,13,True,D,EUR,,10002,False,['DAY'],['STANDARDAMOUNT'],['STANDARDSIZE'],[],12385.28,2020-09-01,R,0.0,issueid,60147682,False,False,19.0,20
5004229,PIMCO-LOW AVG DUR-USDINS ACC,IE0032379574,PIMLDIA,1,FUND,13,True,D,USD,,10002,False,['DAY'],['STANDARDAMOUNT'],['STANDARDSIZE'],[],16.5,2021-04-08,R,0.0,issueid,610199199,False,False,19.0,25
5003089,DEXIA BONDS-EURO-R EUR,LU0942153239,LX,1,FUND,13,True,D,EUR,,10002,False,['DAY'],['STANDARDAMOUNT'],['STANDARDSIZE'],[],116.87,2018-01-12,R,0.0,issueid,60011891,False,False,19.0,8
5855640,ABER GL-JPN SMLL COMP-X2EURA,LU0998665607,AJSX2EA,1,FUND,13,True,H,EUR,,10002,False,['DAY'],['STANDARDAMOUNT'],['STANDARDSIZE'],[],20.8315,2021-04-09,,,,,,,,1
5003054,BGF-EMERGING EUROPE FUND-D2,LU0252967533,LX,1,FUND,13,True,I,EUR,,10002,False,['DAY'],['STANDARDAMOUNT'],['STANDARDSIZE'],[],128.42,2021-04-09,R,0.0,issueid,60011186,False,False,19.0,4
12857755,WELLS FARGO EM MK EQ IN-IEUR,LU0791591232,LU0791591232 EQUITY,1,FUND,13,True,I,EUR,,10002,False,['DAY'],['STANDARDAMOUNT'],['STANDARDSIZE'],[],,,,,,,,,,81
12341215,FNK TMP INV-EMKT SM C-IEURA,LU0300743605,TSCIEUR,1,FUND,13,True,H,EUR,,10002,False,['DAY'],['STANDARDAMOUNT'],['STANDARDSIZE'],[],19.41,2021-04-09,,,,,,,,16
4998774,PARVEST EQUITY TURKEY-PRE,LU0823433932,LX,1,FUND,13,True,D,EUR,,10002,False,['DAY'],['STANDARDAMOUNT'],['STANDARDSIZE'],[],57.94,2021-04-09,R,0.0,issueid,60009957,False,False,19.0,5
847017,ING DYN MIX1 FD,NL0000293140,MIX1,1,FUND,13,True,D,EUR,-0.0001,200,False,['DAY'],['STANDARDAMOUNT'],['STANDARDSIZE'],[],32.17,2021-04-09,R,0.0,issueid,232160,False,False,1.0,36
5003093,DEXIA BONDS-EUR HI YIELD-R,LU0942153742,LX,1,FUND,13,True,D,EUR,,10002,False,['DAY'],['STANDARDAMOUNT'],['STANDARDSIZE'],[],144.2,2021-04-08,R,0.0,issueid,60012414,False,False,19.0,8
5590195,BRANDES EM MKTS EQTIES-I-EUR,IE00B4P97428,BREMEIE,1,FUND,13,True,D,EUR,,10002,False,['DAY'],['STANDARDAMOUNT'],['STANDARDSIZE'],[],13.78,2021-04-09,R,0.0,issueid,60045146,False,False,19.0,45
846813,WP STEWART HOLD FD,LU0237485098,WPSH,1,FUND,13,True,D,USD,-0.0001,200,False,['DAY'],['STANDARDAMOUNT'],['STANDARDSIZE'],[],775.9,2021-04-09,R,0.0,issueid,12196,False,False,1.0,62
5048605,FIDELITY-EM LOC CU DB-YA EUR,LU0900495184,FFEMYQE,1,FUND,13,True,D,EUR,,10002,False,['DAY'],['STANDARDAMOUNT'],['STANDARDSIZE'],[],6.868,2021-04-08,R,0.0,issueid,60027147,False,False,19.0,13
5003057,BGF-WORLD BOND FUND-D2 EUR H,LU0827888594,LX,1,FUND,13,True,D,EUR,,10002,False,['DAY'],['STANDARDAMOUNT'],['STANDARDSIZE'],[],205.44,2021-04-09,R,0.0,issueid,60012809,False,False,19.0,4
12388597,SCHRODER INTL GL INF LKD-ZEU,LU1458552681,LU1458552681 EQUITY,1,FUND,13,True,F,EUR,,10002,False,['DAY'],['STANDARDAMOUNT'],['STANDARDSIZE'],[],31.1341,2020-02-28,,,,,,,,27
4999859,GOLDMAN SACHS GLB H/YLD-R AC,LU0830672258,LX,1,FUND,13,True,D,USD,,10002,False,['DAY'],['STANDARDAMOUNT'],['STANDARDSIZE'],[],15.12,2021-04-09,R,0.0,issueid,60011992,False,False,19.0,17
5003376,PICTET-EMERG LOCAL CCY-HIDY,LU0606353232,PELCHDE,1,FUND,13,True,D,EUR,,10002,False,['DAY'],['STANDARDAMOUNT'],['STANDARDSIZE'],[],64.25,2021-04-08,R,0.0,issueid,60006379,False,False,19.0,24
5003074,PARVEST EQ BEST SE EU-PRIV,LU0823400840,LX,1,FUND,13,True,D,EUR,,10002,False,['DAY'],['STANDARDAMOUNT'],['STANDARDSIZE'],[],118.17,2021-04-09,,,,,,,,5
847541,ING EU SM CP FD,NL0006311730,INGSC,1,FUND,13,True,D,EUR,-0.0001,200,False,['DAY'],['STANDARDAMOUNT'],['STANDARDSIZE'],[],129.57,2021-04-09,R,0.0,issueid,94752,False,False,1.0,36
5008356,JPMORGAN EMERG MKTS CRP-AAH,LU0512127621,JPECAEH,1,FUND,13,True,D,EUR,,10002,False,['DAY'],['STANDARDAMOUNT'],['STANDARDSIZE'],[],121.51,2021-04-09,R,0.0,issueid,60006712,False,False,19.0,20
5004235,PIMCO-EMR CRP BD-H-ACC-INS-,IE00B607SM09,PEMIEHA,1,FUND,13,True,D,EUR,,10002,False,['DAY'],['STANDARDAMOUNT'],['STANDARDSIZE'],[],,,R,0.0,issueid,60006823,False,False,19.0,25
4999821,DWS INVEST CONVERTIBLES-FC,LU0179220412,DWSCNFC,1,FUND,13,True,D,EUR,,10002,False,['DAY'],['STANDARDAMOUNT'],['STANDARDSIZE'],[],229.91,2021-04-09,R,0.0,issueid,60186984,False,False,19.0,9
846948,NN DAILY CONSGD8,NL0000289767,INGDC,1,FUND,13,True,I,EUR,-0.0001,200,False,['DAY'],['STANDARDAMOUNT'],['STANDARDSIZE'],[],85.57,2021-04-09,R,0.0,issueid,171645,False,False,1.0,50
5051850,ROBECO CAP GR-SAM SUS EUE-D,LU0187077218,FHQG,1,FUND,13,True,D,EUR,,10002,False,['DAY'],['STANDARDAMOUNT'],['STANDARDSIZE'],[],62.47,2021-04-09,R,0.0,issueid,60187538,False,False,19.0,26
5138952,FIDELITY FNDS-SINGAPORE-A$,LU0048588163,FIDLSGI,1,FUND,13,True,A,USD,,10002,False,['DAY'],['STANDARDAMOUNT'],['STANDARDSIZE'],[],60.04,2021-04-09,R,0.0,issueid,60130959,False,False,19.0,13
8357590,JPM EUROP EQ PLUS-C PERF AEU,LU0289214545,JPMEECA,1,FUND,13,True,I,EUR,,10002,False,['DAY'],['STANDARDAMOUNT'],['STANDARDSIZE'],[],248.76,2021-04-09,,,,,,,,20
5003061,BGF-US FLEXIBLE EQUITY-D2,LU0252963979,LX,1,FUND,13,True,D,EUR,,10002,False,['DAY'],['STANDARDAMOUNT'],['STANDARDSIZE'],[],49.24,2021-04-09,R,0.0,issueid,60011678,False,False,19.0,4
5003381,PICTET-USA INDEX-ISUSD,LU0328683478,PFLUSIS,1,FUND,13,True,D,USD,,10002,False,['DAY'],['STANDARDAMOUNT'],['STANDARDSIZE'],[],387.44,2021-04-08,R,0.0,issueid,60012896,False,False,19.0,24
5003077,PARVEST EQ HGH DVD EURP-PRIV,LU0823409122,LX,1,FUND,13,True,D,EUR,,10002,False,['DAY'],['STANDARDAMOUNT'],['STANDARDSIZE'],[],109.54,2021-04-09,R,0.0,issueid,60011550,False,False,19.0,5
847549,ING HG DIV OBL FD,NL0006311813,NNHDO,1,FUND,13,True,I,EUR,-0.0001,200,False,['DAY'],['STANDARDAMOUNT'],['STANDARDSIZE'],[],21.49,2021-04-09,R,0.0,issueid,147300,False,False,1.0,36
5004240,PIMCO-EURO LOW DUR FD-IA,IE00B3R3XF82,PELADIA,1,FUND,13,True,D,EUR,,10002,False,['DAY'],['STANDARDAMOUNT'],['STANDARDSIZE'],[],11.51,2021-04-08,R,0.0,issueid,60012782,False,False,19.0,25
5003095,DWS INVEST TOP DIVIDEND-E2,LU0507266574,LX,1,FUND,13,True,D,USD,,10002,False,['DAY'],['STANDARDAMOUNT'],['STANDARDSIZE'],[],164.58,2021-04-09,R,0.0,issueid,60012749,False,False,19.0,9
4998757,AMUNDI-EQ LATIN AMERICA-RU-C,LU0823047039,LX,1,FUND,13,True,A,USD,,10002,False,['DAY'],['STANDARDAMOUNT'],['STANDARDSIZE'],[],89.05,2021-04-09,R,0.0,issueid,60010828,False,False,19.0,3
847545,NN GLOBAL EM FD,NL0006311771,NNGEF,1,FUND,13,True,D,EUR,-0.0001,200,False,['DAY'],['STANDARDAMOUNT'],['STANDARDSIZE'],[],52.68,2021-04-09,R,0.0,issueid,108209,False,False,1.0,50
846925,OPTIMIX EMERG MKTS,NL0000287126,OPEMF,1,FUND,13,True,D,EUR,-0.0001,200,False,['DAY'],['STANDARDAMOUNT'],['STANDARDSIZE'],[],70.91,2021-04-09,R,0.0,issueid,216966,False,False,1.0,64
5584997,FIDELITY FNDS-EU HI YD-YQIEU,LU0840140288,FFEHYQI,1,FUND,13,True,D,EUR,,10002,False,['DAY'],['STANDARDAMOUNT'],['STANDARDSIZE'],[],10.6,2021-04-09,R,0.0,issueid,60011693,False,False,19.0,13
5001089,THREADNEEDLE GBL BD-IGA,GB00B3M84Q67,LN,1,FUND,13,True,D,EUR,,10002,False,['DAY'],['STANDARDAMOUNT'],['STANDARDSIZE'],[],1.2891,2021-04-09,R,0.0,issueid,60012774,False,False,19.0,29
5003295,GOLDMAN-US REAL ES BL-RA USD,LU0858296709,LX,1,FUND,13,True,D,USD,,10002,False,['DAY'],['STANDARDAMOUNT'],['STANDARDSIZE'],[],189.67,2021-04-09,R,0.0,issueid,60009615,False,False,19.0,17
5031476,PARVEST EQ EUR-SM CAP-CC,LU0212178916,PREURCC,1,FUND,13,True,D,EUR,,10002,False,['DAY'],['STANDARDAMOUNT'],['STANDARDSIZE'],[],273.26,2021-04-09,R,0.0,issueid,60204421,False,False,19.0,5
5008357,ING L RENTA-EM MK DB HC-PHC,LU0546915058,IEMDPHC,1,FUND,13,True,D,EUR,,10002,False,['DAY'],['STANDARDAMOUNT'],['STANDARDSIZE'],[],5178.19,2018-02-16,R,0.0,issueid,60123032,False,False,19.0,36
5004245,PIMCO EUR SHORT TERM-INS-ACC,IE00B0XJBQ64,PIMEUIP,1,FUND,13,True,D,EUR,,10002,False,['DAY'],['STANDARDAMOUNT'],['STANDARDSIZE'],[],12.28,2015-08-20,R,0.0,issueid,60012525,False,False,19.0,25
5004248,PIMCO-GL BD x-US-INS HDG AC,IE00B11XYV36,PIMGLXA,1,FUND,13,True,D,EUR,,10002,False,['DAY'],['STANDARDAMOUNT'],['STANDARDSIZE'],[],18.3,2021-04-09,R,0.0,issueid,60012784,False,False,19.0,25
5003042,AMUNDI-BOND EURO CORP-RE-D,LU0839529897,LX,1,FUND,13,True,F,EUR,,10002,False,['DAY'],['STANDARDAMOUNT'],['STANDARDSIZE'],[],114.14,2021-04-09,R,0.0,issueid,60010824,False,False,19.0,3
847552,NN GLOB R ESTAT FD,NL0006311847,NNGLR,1,FUND,13,True,D,EUR,-0.0001,200,False,['DAY'],['STANDARDAMOUNT'],['STANDARDSIZE'],[],87.26,2021-04-09,R,0.0,issueid,23952,False,False,1.0,50
13043528,FIDELITY-ASIAN SS-Y ACC USD,LU0346390601,FFASPEY,1,FUND,13,True,I,USD,,10002,False,['DAY'],['STANDARDAMOUNT'],['STANDARDSIZE'],[],31.75,2021-04-09,,,,,,,,13
846975,KEMPEN PROFIEL 4,NL0000290484,LANGR,1,FUND,13,True,D,EUR,-0.0001,200,False,['DAY'],['STANDARDAMOUNT'],['STANDARDSIZE'],[],42.6,2021-04-09,R,0.0,issueid,220163,False,False,1.0,21
5003068,BGF-ASIAN DRAGON FUND-D2,LU0329592298,LX,1,FUND,13,True,D,EUR,,10002,False,['DAY'],['STANDARDAMOUNT'],['STANDARDSIZE'],[],53.89,2021-04-09,R,0.0,issueid,60012334,False,False,19.0,4
5003299,GS GLOBAL EQT PART PT-RA-USD,LU0830623475,LX,1,FUND,13,True,D,USD,,10002,False,['DAY'],['STANDARDAMOUNT'],['STANDARDSIZE'],[],26.24,2021-04-09,R,0.0,issueid,60011920,False,False,19.0,17
5003395,PICTET-JAPAN INDEX-IS-,LU0496414607,PFJIISE,1,FUND,13,True,D,EUR,,10002,False,['DAY'],['STANDARDAMOUNT'],['STANDARDSIZE'],[],179.16,2021-04-09,R,0.0,issueid,60012886,False,False,19.0,24
8730511,PARVEST EQ EUR-SM CAP-PV,LU0212180813,LU0212180813 EQUITY,1,FUND,13,True,D,EUR,,10002,False,['DAY'],['STANDARDAMOUNT'],['STANDARDSIZE'],[],241.84,2021-04-09,,,,,,,,5
5046699,ING L RENTA-EM MK DB LC-NH,LU0800560798,ILCINHE,1,FUND,13,True,A,EUR,,10002,False,['DAY'],['STANDARDAMOUNT'],['STANDARDSIZE'],[],41.78,2021-04-09,R,0.0,issueid,60013348,False,False,19.0,36
5004251,PIMCO GLOBAL ADV REAL R-IHA,IE00B6QJR014,PGRIEHA,1,FUND,13,True,D,EUR,,10002,False,['DAY'],['STANDARDAMOUNT'],['STANDARDSIZE'],[],11.72,2020-02-12,R,0.0,issueid,60008240,False,False,19.0,25
5003101,DWS INVEST EMER MRKTS EQY-E2,LU0273227354,LX,1,FUND,13,True,D,USD,,10002,False,['DAY'],['STANDARDAMOUNT'],['STANDARDSIZE'],[],168.93,2021-04-09,R,0.0,issueid,60012747,False,False,19.0,9
12483630,NN L-US HIGH DIV-NI,LU0953790879,LU0953790879 EQUITY,1,FUND,13,True,H,EUR,,10002,False,['DAY'],['STANDARDAMOUNT'],['STANDARDSIZE'],[],584.57,2021-04-09,,,,,,,,50
5001082,SCHRODER INTL EUR SM CO-Z AC,LU0966865874,LX,1,FUND,13,True,D,EUR,,10002,False,['DAY'],['STANDARDAMOUNT'],['STANDARDSIZE'],[],60.526,2021-04-09,R,0.0,issueid,60011430,False,False,19.0,27
4835786,ACTIAM Duurzaam Europees Aandelenfonds,NL0010579074,SNSEA,1,FUND,13,True,D,EUR,,200,False,['DAY'],['STANDARDAMOUNT'],['STANDARDSIZE'],[],25.23,2021-04-09,R,0.0,issueid,600010146,False,False,1.0,70
5004947,ECHIQUIER AGENOR,FR0010321810,ECHAGEN,1,FUND,13,True,D,EUR,,10002,False,['DAY'],['STANDARDAMOUNT'],['STANDARDSIZE'],[],484.12,2021-04-08,R,0.0,issueid,60189741,False,False,19.0,14
5003072,BGF-EURO CORPORATE BOND-D2,LU0368266499,LX,1,FUND,13,True,D,EUR,,10002,False,['DAY'],['STANDARDAMOUNT'],['STANDARDSIZE'],[],18.71,2021-04-08,R,0.0,issueid,60007248,False,False,19.0,4
846903,DELTA LLOYD INVEST,NL0000286318,DLIF,1,FUND,13,True,D,EUR,-0.0001,200,False,['DAY'],['STANDARDAMOUNT'],['STANDARDSIZE'],[],15.88,2021-04-09,R,0.0,issueid,12048,False,False,1.0,35
5044999,GS GR & EM CORESM EQ-R SNPA,LU0830625504,GSIORSA,1,FUND,13,True,I,USD,,10002,False,['DAY'],['STANDARDAMOUNT'],['STANDARDSIZE'],[],18.36,2021-04-08,R,0.0,issueid,60025439,False,False,19.0,17
8730514,PARWORLD QUANT EQ EUR GU-PRI,LU0774754609,PVGURPA,1,FUND,13,True,D,EUR,,10002,False,['DAY'],['STANDARDAMOUNT'],['STANDARDSIZE'],[],,,,,,,,,,5
5008351,MORGAN ST INV F-EM MK DOM-A,LU0283960077,MOREMDA,1,FUND,13,True,D,USD,,10002,False,['DAY'],['STANDARDAMOUNT'],['STANDARDSIZE'],[],31.4,2021-04-08,R,0.0,issueid,610199010,False,False,19.0,38
5004945,PIMCO-TOT RTRN BD-USDINS ACC,IE0002460867,PIMTRAI,1,FUND,13,True,D,USD,,10002,False,['DAY'],['STANDARDAMOUNT'],['STANDARDSIZE'],[],33.61,2021-04-09,R,0.0,issueid,610199201,False,False,19.0,25
8589381,AMUNDI FDS-BD EURO AGGR-REC,LU0839528493,ABEAREA,1,FUND,13,True,F,EUR,,10002,False,['DAY'],['STANDARDAMOUNT'],['STANDARDSIZE'],[],100.85,2017-05-15,,,,,,,,3
12581261,BNY MELLON-GLOB EQ IN-EC,IE00B3VHXC32,IE00B3VHXC32 EQUITY,1,FUND,13,True,I,EUR,,10002,False,['DAY'],['STANDARDAMOUNT'],['STANDARDSIZE'],[],2.7322,2021-04-09,,,,,,,,51
5001086,SCHRODER INT SEL-FRONT MK-C,LU0562314715,LX,1,FUND,13,True,D,USD,,10002,False,['DAY'],['STANDARDAMOUNT'],['STANDARDSIZE'],[],167.6652,2021-04-09,R,0.0,issueid,60010794,False,False,19.0,27
5031485,BGF-US BASIC VALUE FUND-A2,LU0171293920,MLRBVAA,1,FUND,13,True,D,EUR,,10002,False,['DAY'],['STANDARDAMOUNT'],['STANDARDSIZE'],[],91.38,2021-04-09,R,0.0,issueid,60169892,False,False,19.0,4
847135,DELTA LLOYD MIX FD,NL0000442077,DLMIX,1,FUND,13,True,D,EUR,-0.0001,200,False,['DAY'],['STANDARDAMOUNT'],['STANDARDSIZE'],[],14.29,2021-04-09,R,0.0,issueid,12046,False,False,1.0,35
5449903,PIMCO GIS-EMERGING MKT INS A,IE0030759645,PIMEMBI,1,FUND,13,True,I,USD,,10002,False,['DAY'],['STANDARDAMOUNT'],['STANDARDSIZE'],[],53.7,2021-04-09,R,0.0,issueid,610199191,False,False,19.0,25
5225210,T.ROWE PRICE-GLB NAT RES-Q,LU0876475368,TRPGNEQ,1,FUND,13,True,D,EUR,,10002,False,['DAY'],['STANDARDAMOUNT'],['STANDARDSIZE'],[],13.02,2021-04-09,R,0.0,issueid,60010181,False,False,19.0,57
5004266,SISF-GLOBAL M/A INC-ZHA EUR,LU0966867227,SCGMZHA,1,FUND,13,True,D,EUR,,10002,False,['DAY'],['STANDARDAMOUNT'],['STANDARDSIZE'],[],129.0529,2021-04-09,R,0.0,issueid,60012902,False,False,19.0,27
5105261,BGF-US S/M CAP OPPOR-A2,LU0171298648,LX,1,FUND,13,True,H,EUR,,10002,False,['DAY'],['STANDARDAMOUNT'],['STANDARDSIZE'],[],192.4,2020-10-20,R,0.0,issueid,60142983,False,False,19.0,4
12736969,DL ESG FUND A,NL0012125736,DLESA,1,FUND,13,True,D,EUR,,200,False,['DAY'],['STANDARDAMOUNT'],['STANDARDSIZE'],[],29.53,2021-04-09,R,0.0,issueid,600311330,False,False,1.0,35
5598720,HENDERSON PAN EU ALP-H2A EUR,LU0892274704,HPEH2AE,1,FUND,13,True,D,EUR,,10002,False,['DAY'],['STANDARDAMOUNT'],['STANDARDSIZE'],[],12.39,2021-04-09,R,0.0,issueid,60012867,False,False,19.0,18
5001074,PIMCO GBL INV GRADE-IUSD UNA,IE00B8DTNZ55,ID,1,FUND,13,True,D,USD,,10002,False,['DAY'],['STANDARDAMOUNT'],['STANDARDSIZE'],[],16.68,2021-04-09,R,0.0,issueid,60012786,False,False,19.0,25
4650653,HH EM Fund,NL0010514196,HHEMF,1,FUND,13,True,D,EUR,,200,False,['DAY'],['STANDARDAMOUNT'],['STANDARDSIZE'],[],101.24,2021-04-09,R,0.0,issueid,61447066,False,False,1.0,40
847449,RO AFRIKA FONDS,NL0006238131,RAFRI,1,FUND,13,True,D,EUR,-0.0001,200,False,['DAY'],['STANDARDAMOUNT'],['STANDARDSIZE'],[],88.13,2021-04-09,R,0.0,issueid,270222,False,False,1.0,26
5004940,ETHNA - AKTIV E-SIA-T,LU0841179863,ETAKTST,1,FUND,13,True,D,EUR,,10002,False,['DAY'],['STANDARDAMOUNT'],['STANDARDSIZE'],[],638.16,2021-04-09,R,0.0,issueid,60011104,False,False,19.0,11
5003045,BGF-EURO MARKETS FUND-D2,LU0252966485,LX,1,FUND,13,True,D,EUR,,10002,False,['DAY'],['STANDARDAMOUNT'],['STANDARDSIZE'],[],41.06,2021-04-09,R,0.0,issueid,60003078,False,False,19.0,4
5004271,SCHRODER ITL US SM & M-ZA,LU0969112894,SCUSSZA,1,FUND,13,True,H,EUR,,10002,False,['DAY'],['STANDARDAMOUNT'],['STANDARDSIZE'],[],410.3146,2021-04-09,R,0.0,issueid,60012907,False,False,19.0,27
5457900,DD PROP FND Cl A,NL0009445915,DDPFA,1,FUND,13,True,D,EUR,,200,False,['DAY'],['STANDARDAMOUNT'],['STANDARDSIZE'],[],31.13,2021-04-09,R,0.0,issueid,612846,False,False,1.0,73
5003120,FRANK TEMP INV GLB EUR-WAEUR,LU0976567114,LX,1,FUND,13,True,D,EUR,,10002,False,['DAY'],['STANDARDAMOUNT'],['STANDARDSIZE'],[],19.53,2021-04-09,R,0.0,issueid,60012793,False,False,19.0,16
5001054,DPAM B FUND-EQ EUROLND-W,BE6246057333,BB,1,FUND,13,True,D,EUR,,10002,False,['DAY'],['STANDARDAMOUNT'],['STANDARDSIZE'],[],263.23,2021-04-08,R,0.0,issueid,60011384,False,False,19.0,23
847521,BNP Paribas Obam N.V. Classic Inc,NL0006294035,OBAM,1,FUND,13,True,D,EUR,-0.0001,200,False,['DAY'],['STANDARDAMOUNT'],['STANDARDSIZE'],[],112.57,2021-04-09,R,0.0,issueid,12122,False,False,1.0,5
846902,ING FINANC FUND 10,NL0000286169,INGFI,1,FUND,13,True,D,EUR,-0.0001,200,False,['DAY'],['STANDARDAMOUNT'],['STANDARDSIZE'],[],16.53,2021-04-09,R,0.0,issueid,127451,False,False,1.0,36
5598725,HENDERSON HORIZ-JAP EQ-H2AUS,LU0995107140,HJPH2AU,1,FUND,13,True,D,USD,,10002,False,['DAY'],['STANDARDAMOUNT'],['STANDARDSIZE'],[],20.14,2021-04-09,R,0.0,issueid,60012697,False,False,19.0,18
5004224,PIMCO DIVERSIFIED INCOME IA,IE00B0C18065,PGDIFIA,1,FUND,13,True,D,USD,,10002,False,['DAY'],['STANDARDAMOUNT'],['STANDARDSIZE'],[],27.68,2021-04-09,R,0.0,issueid,60012524,False,False,19.0,25
4999814,CANDRIAM SUSTAIN EUR COR BD-R,BE6253584914,BB,1,FUND,13,True,D,EUR,,10002,False,['DAY'],['STANDARDAMOUNT'],['STANDARDSIZE'],[],120.76,2021-04-08,R,0.0,issueid,60011126,False,False,19.0,8
4808963,HH CV FUND,NL0010556775,HHCVF,1,FUND,13,True,D,EUR,,200,False,['DAY'],['STANDARDAMOUNT'],['STANDARDSIZE'],[],42.65,2021-04-09,R,0.0,issueid,574147,False,False,1.0,40
5004274,SCHRODER INTL-EUR DI MAX-ZA,LU0968427590,SIEDZAE,1,FUND,13,True,D,EUR,,10002,False,['DAY'],['STANDARDAMOUNT'],['STANDARDSIZE'],[],110.3591,2021-04-09,R,0.0,issueid,60012899,False,False,19.0,27
8702106,JUPITER GL FD-EURO GRO-L EUR,LU0260085492,JGAPEOL,1,FUND,13,True,D,EUR,,10002,False,['DAY'],['STANDARDAMOUNT'],['STANDARDSIZE'],[],43.91,2021-04-09,,,,,,,,75
5003372,DPAM L-BONDS EUR HY ST-W,LU0966595125,LX,1,FUND,13,True,D,EUR,,10002,False,['DAY'],['STANDARDAMOUNT'],['STANDARDSIZE'],[],139.66,2021-04-09,R,0.0,issueid,60011405,False,False,19.0,23
847535,BNP AS PAC HI INC,NL0006294175,BAPHF,1,FUND,13,True,D,EUR,-0.0001,200,False,['DAY'],['STANDARDAMOUNT'],['STANDARDSIZE'],[],59.01,2021-04-09,R,0.0,issueid,225062,False,False,1.0,5
846944,ING UTILITIES FD 5,NL0000289668,INGUT,1,FUND,13,True,D,EUR,-0.0001,200,False,['DAY'],['STANDARDAMOUNT'],['STANDARDSIZE'],[],52.11,2021-04-09,R,0.0,issueid,171643,False,False,1.0,36
5003084,DEXIA QUANT-EQUITIES USA-R,LU0942290221,LX,1,FUND,13,True,D,USD,,10002,False,['DAY'],['STANDARDAMOUNT'],['STANDARDSIZE'],[],160.31,2020-03-05,R,0.0,issueid,60011935,False,False,19.0,8
5003032,ABERDEEN GL-LATIN AM EQ-Y2AC,LU0837979599,LX,1,FUND,13,True,D,EUR,,10002,False,['DAY'],['STANDARDAMOUNT'],['STANDARDSIZE'],[],9.3889,2021-04-09,R,0.0,issueid,60012741,False,False,19.0,1
5899146,GAM STAR CREDIT OPP-INST EUR,IE00B50JD354,GAMCOIE,1,FUND,13,True,F,EUR,,10002,False,['DAY'],['STANDARDAMOUNT'],['STANDARDSIZE'],[],16.4359,2021-04-08,,,,,,,,42
5003109,FIDELITY FUNDS-EMEA-YA EUR,LU0936576247,LX,1,FUND,13,True,D,EUR,,10002,False,['DAY'],['STANDARDAMOUNT'],['STANDARDSIZE'],[],15.51,2021-04-09,R,0.0,issueid,60011704,False,False,19.0,13
5003052,BGF-GLOBAL HIGH YIELD B-D2RF,LU0368267034,LX,1,FUND,13,True,D,EUR,,10002,False,['DAY'],['STANDARDAMOUNT'],['STANDARDSIZE'],[],19.66,2021-04-09,R,0.0,issueid,60012291,False,False,19.0,4
5004910,SCHRODER INTL GL PR SC-Z ACC,LU0968428648,SCGPSZA,1,FUND,13,True,D,EUR,,10002,False,['DAY'],['STANDARDAMOUNT'],['STANDARDSIZE'],[],181.0926,2021-04-09,R,0.0,issueid,60012545,False,False,19.0,27
12622865,NEUBERGER COR HY-B-EUR IDIST,IE00BZ090902,IE00BZ090902 EQUITY,1,FUND,13,True,F,EUR,,10002,False,['DAY'],['STANDARDAMOUNT'],['STANDARDSIZE'],[],10.95,2021-04-08,,,,,,,,78
5213744,FRANK TP INV EMKT BD-WQDUSD,LU0871812607,TEMWQDU,1,FUND,13,True,D,USD,,10002,False,['DAY'],['STANDARDAMOUNT'],['STANDARDSIZE'],[],5.9,2019-09-16,R,0.0,issueid,60011769,False,False,19.0,16
5003375,DPAM L-BONDS UNIVERSAL-W,LU0966593005,PAMBDUW,1,FUND,13,True,D,EUR,,10002,False,['DAY'],['STANDARDAMOUNT'],['STANDARDSIZE'],[],183.52,2021-04-09,R,0.0,issueid,60011414,False,False,19.0,23
4998770,PARVEST EQY BEST SEL EURO-PR,LU0823400766,LX,1,FUND,13,True,D,EUR,,10002,False,['DAY'],['STANDARDAMOUNT'],['STANDARDSIZE'],[],201.01,2021-04-09,R,0.0,issueid,60009849,False,False,19.0,5
847005,ING EMRG EUROPE FD,NL0000292225,INGEE,1,FUND,13,True,D,EUR,-0.0001,200,False,['DAY'],['STANDARDAMOUNT'],['STANDARDSIZE'],[],59.03,2021-04-09,R,0.0,issueid,17127,False,False,1.0,36
5000999,JPM LIQ-USD LIQUIDITY-B,LU0103813043,LX,1,FUND,13,True,D,USD,,10002,False,['DAY'],['STANDARDAMOUNT'],['STANDARDSIZE'],[],13325.77,2021-04-09,R,0.0,issueid,60147793,False,False,19.0,20
5004230,PIMCO-GL RL RTN-INST USD ACC,IE0033591748,PIMGRAI,1,FUND,13,True,D,USD,,10002,False,['DAY'],['STANDARDAMOUNT'],['STANDARDSIZE'],[],24.05,2021-04-09,R,0.0,issueid,610199197,False,False,19.0,25
5590193,BRANDES GLOBAL EQTIES-I-EUR,IE0031574209,BRANGEE,1,FUND,13,True,I,EUR,,10002,False,['DAY'],['STANDARDAMOUNT'],['STANDARDSIZE'],[],28.15,2021-04-09,R,0.0,issueid,60206292,False,False,19.0,45
5003112,FIDELITY-GLOB STR BOND-YAEH,LU0594301144,LX,1,FUND,13,True,D,EUR,,10002,False,['DAY'],['STANDARDAMOUNT'],['STANDARDSIZE'],[],12.73,2021-04-08,R,0.0,issueid,60006777,False,False,19.0,13
5003055,BGF-US BASIC VALUE-D2 EUR,LU0827886119,LX,1,FUND,13,True,D,EUR,,10002,False,['DAY'],['STANDARDAMOUNT'],['STANDARDSIZE'],[],102.08,2021-04-09,R,0.0,issueid,60011191,False,False,19.0,4
5074954,SCHRODER INTL GLOBAL BND-AAC,LU0106256372,LX,1,FUND,13,True,F,USD,,10002,False,['DAY'],['STANDARDAMOUNT'],['STANDARDSIZE'],[],13.5945,2021-04-09,R,0.0,issueid,60122898,False,False,19.0,27
13494068,FRESH FIXED INCOME FUND,NL0012171417,FRSHFIF,1,FUND,13,True,H,EUR,,10002,False,['DAY'],['STANDARDAMOUNT'],['STANDARDSIZE'],[],26.9148,2021-04-08,R,0.0,issueid,60051939,False,False,19.0,82
5001061,PICTET-EMRG LOCAL CCY-IDYUSD,LU0760712090,LX,1,FUND,13,True,D,USD,,10002,False,['DAY'],['STANDARDAMOUNT'],['STANDARDSIZE'],[],119.01,2021-04-08,R,0.0,issueid,60012519,False,False,19.0,24
4998775,PARVEST EQUI-JAPAN-PRIVILEGE,LU0111445861,PARJQPV,1,FUND,13,True,D,JPY,,10002,False,['DAY'],['STANDARDAMOUNT'],['STANDARDSIZE'],[],137763.0,2021-04-09,R,0.0,issueid,60193242,False,False,19.0,5
847018,ING DYN MIX2 FD,NL0000293157,NNDM2,1,FUND,13,True,D,EUR,-0.0001,200,False,['DAY'],['STANDARDAMOUNT'],['STANDARDSIZE'],[],36.42,2021-04-09,R,0.0,issueid,232161,False,False,1.0,36
5003343,JPMORGAN F-INDIA FUND-B EUR,LU0935942077,LX,1,FUND,13,True,D,EUR,,10002,False,['DAY'],['STANDARDAMOUNT'],['STANDARDSIZE'],[],148.24,2021-04-09,R,0.0,issueid,60012832,False,False,19.0,20
5004233,PIMCO UK LG TERM CORP BND-AC,IE00B0CNPY59,PUKSIGC,1,FUND,13,True,D,GBP,,10002,False,['DAY'],['STANDARDAMOUNT'],['STANDARDSIZE'],[],27.4,2021-04-09,R,0.0,issueid,60012792,False,False,19.0,25
4998733,ALLIANZ GBL AGRI TRENDS-P,LU0342692547,LX,1,FUND,13,True,D,GBP,,10002,False,['DAY'],['STANDARDAMOUNT'],['STANDARDSIZE'],[],1475.77,2021-04-08,R,0.0,issueid,60012800,False,False,19.0,2
5108372,CAND LONG SHORT CREDIT-C,FR0010760694,FP,1,FUND,13,True,D,EUR,,10002,False,['DAY'],['STANDARDAMOUNT'],['STANDARDSIZE'],[],1165.7,2017-09-05,,,,,,,,47
5004263,ROBECO EURO CRDT BND-FH EUR,LU0971564843,ROECRFH,1,FUND,13,True,D,EUR,,10002,False,['DAY'],['STANDARDAMOUNT'],['STANDARDSIZE'],[],127.86,2021-04-09,R,0.0,issueid,60011839,False,False,19.0,26
4901048,WPSH EUR,LU0237484448,WPSEU,1,FUND,13,True,D,EUR,,200,False,['DAY'],['STANDARDAMOUNT'],['STANDARDSIZE'],[],627.22,2021-04-09,R,0.0,issueid,483290,False,False,1.0,62
5051847,FIDELITY-GL HLTH CARE-A GBP,LU0116931725,FIDHCFP,1,FUND,13,True,D,GBP,,10002,False,['DAY'],['STANDARDAMOUNT'],['STANDARDSIZE'],[],0.973,2021-04-09,R,0.0,issueid,60016439,False,False,19.0,13
8287701,JPM LX F-EMG MKT OP-CA EUR,LU0760000421,JPEMOCE,1,FUND,13,True,I,EUR,,10002,False,['DAY'],['STANDARDAMOUNT'],['STANDARDSIZE'],[],143.59,2021-04-09,,,,,,,,20
13464759,SISF-ASIAN OPPORT-CEA,LU0248183658,SCHPFCE,1,FUND,13,True,H,EUR,,10002,False,['DAY'],['STANDARDAMOUNT'],['STANDARDSIZE'],[],30.2358,2021-04-09,R,0.0,issueid,60037247,False,False,19.0,27
5003288,GS-GLOB STR INC BD-RH EUR IN,LU0858299471,LX,1,FUND,13,True,D,EUR,,10002,False,['DAY'],['STANDARDAMOUNT'],['STANDARDSIZE'],[],109.83,2021-04-09,R,0.0,issueid,60010987,False,False,19.0,17
5003075,PARVEST-EQUITY JAPN-PR JPY I,LU0823431050,LX,1,FUND,13,True,D,JPY,,10002,False,['DAY'],['STANDARDAMOUNT'],['STANDARDSIZE'],[],,,R,0.0,issueid,60011549,False,False,19.0,5
847542,ING PR DIV FD,NL0006311748,NNPDF,1,FUND,13,True,A,EUR,-0.0001,200,False,['DAY'],['STANDARDAMOUNT'],['STANDARDSIZE'],[],14.28,2021-04-09,R,0.0,issueid,214283,False,False,1.0,36
5004236,PIMCO-EURO BD-INS ACC,IE0004931386,PIMEISA,1,FUND,13,True,D,EUR,,10002,False,['DAY'],['STANDARDAMOUNT'],['STANDARDSIZE'],[],26.65,2021-04-09,R,0.0,issueid,610199192,False,False,19.0,25
4999825,DWS INV EM TOP DIVIDEND-E2,LU0329761406,LX,1,FUND,13,True,D,USD,,10002,False,['DAY'],['STANDARDAMOUNT'],['STANDARDSIZE'],[],176.06,2021-04-09,R,0.0,issueid,60012822,False,False,19.0,9
847019,NN DYNAMIC MIX FUND III,NL0000293165,NNDM3,1,FUND,13,True,D,EUR,-0.0001,200,False,['DAY'],['STANDARDAMOUNT'],['STANDARDSIZE'],[],39.3,2021-04-09,R,0.0,issueid,232162,False,False,1.0,50
846921,OPTIMIX INCOM FD C,NL0000287084,OPTIN,1,FUND,13,True,D,EUR,-0.0001,200,False,['DAY'],['STANDARDAMOUNT'],['STANDARDSIZE'],[],33.97,2021-04-09,R,0.0,issueid,128692,False,False,1.0,64
5138953,FIDELITY FUND-CHINA FC-A USD,LU0173614495,FIDFDFO,1,FUND,13,True,I,USD,,10002,False,['DAY'],['STANDARDAMOUNT'],['STANDARDSIZE'],[],75.85,2021-04-09,R,0.0,issueid,60187478,False,False,19.0,13
8357646,JPM INV-JPM EUROPE SEL EQ-C,LU0083307867,JPMRVEC,1,FUND,13,True,D,EUR,,10002,False,['DAY'],['STANDARDAMOUNT'],['STANDARDSIZE'],[],180.27,2021-04-09,,,,,,,,20
5003062,BGF-EMK LOC CURR BD-EUR D2,LU0329592702,LX,1,FUND,13,True,A,EUR,,10002,False,['DAY'],['STANDARDAMOUNT'],['STANDARDSIZE'],[],21.76,2021-04-09,R,0.0,issueid,60012278,False,False,19.0,4
5003291,GS GR&EM M DEBT LOC-AR-USD,LU0830658851,LX,1,FUND,13,True,D,USD,,10002,False,['DAY'],['STANDARDAMOUNT'],['STANDARDSIZE'],[],8.73,2017-07-20,R,0.0,issueid,60012763,False,False,19.0,17
5003382,PICTET-EUROPE INDEX-IS,LU0328683049,PFLEIIS,1,FUND,13,True,D,EUR,,10002,False,['DAY'],['STANDARDAMOUNT'],['STANDARDSIZE'],[],231.4,2021-04-08,R,0.0,issueid,60012880,False,False,19.0,24
5006336,BNP PARIBAS EQUITY TURKEY,LU0823434070,,1,FUND,13,True,D,EUR,,10002,False,['DAY'],['STANDARDAMOUNT'],['STANDARDSIZE'],[],40.66,2021-04-09,R,0.0,issueid,60012511,False,False,19.0,5
847551,ING GLOBAL OBL FD,NL0006311839,INGOF,1,FUND,13,True,D,EUR,-0.0001,200,False,['DAY'],['STANDARDAMOUNT'],['STANDARDSIZE'],[],15.9,2021-04-09,R,0.0,issueid,12094,False,False,1.0,36
5004241,PIMCO GIS-UK CORP BND-IA,IE00B24J5563,PIMUKCB,1,FUND,13,True,D,GBP,,10002,False,['DAY'],['STANDARDAMOUNT'],['STANDARDSIZE'],[],22.47,2021-04-09,R,0.0,issueid,60012791,False,False,19.0,25
